Equipo,Competicion,Jugadores,Media_edad,Posesion,Partidos_disputados,Starts,Min,90s,Gls,Ast,G+A,G-PK,PK,PKatt,CrdY,CrdR,xG,npxG,xAG,npxG+xAG,PrgC,PrgP,Gls,Ast,G+A,G-PK,G+A-PK,xG,xAG,xG+xAG,npxG,npxG+xAG,Equipo,Competicion,Jugadores,Partidos_disputados,Starts,Min,90s,GA,GA90,SoTA,Saves,Save%,W,D,L,CS,CS%,PKatt,PKA,PKsv,PKm,Save%,Equipo,Competicion,Jugadores,90s,GA,PKA,FK,CK,OG,PSxG,PSxG/SoT,PSxG+/-,/90,Cmp,Att,Cmp%,Att (GK),Thr,Launch%,AvgLen,Att,Launch%,AvgLen,Opp,Stp,Stp%,#OPA,#OPA/90,AvgDist,Equipo,Competicion,Jugadores,90s,Gls,Sh,SoT,SoT%,Sh/90,SoT/90,G/Sh,G/SoT,Dist,FK,PK,PKatt,xG,npxG,npxG/Sh,G-xG,np:G-xG,Equipo,Competicion,Jugadores,90s,Cmp,Att,Cmp%,TotDist,PrgDist,Cmp,Att,Cmp%,Cmp,Att,Cmp%,Cmp,Att,Cmp%,Ast,xAG,xA,A-xAG,KP,1/3,PPA,CrsPA,PrgP,Equipo,Competicion,Jugadores,90s,Att,Live,Dead,FK,TB,Sw,Crs,TI,CK,In,Out,Str,Cmp,Off,Blocks,Equipo,Competicion,Jugadores,90s,SCA,SCA90,PassLive,PassDead,TO,Sh,Fld,Def,GCA,GCA90,PassLive,PassDead,TO,Sh,Fld,Def,Equipo,Competicion,Jugadores,90s,Tkl,TklW,Def 3rd,Mid 3rd,Att 3rd,Tkl,Att,Tkl%,Lost,Blocks,Sh,Pass,Int,Tkl+Int,Clr,Err,Equipo,Competicion,Jugadores,Posesion,90s,Touches,Def Pen,Def 3rd,Mid 3rd,Att 3rd,Att Pen,Live,Att,Succ,Succ%,Tkld,Tkld%,Carries,TotDist,PrgDist,PrgC,1/3,CPA,Mis,Dis,Rec,PrgR,Equipo,Competicion,Jugadores,Media_edad,Partidos_disputados,Min,Mn/MP,Min%,90s,Starts,Mn/Start,Compl,Subs,Mn/Sub,unSub,PPM,onG,onGA,+/-,+/-90,onxG,onxGA,xG+/-,xG+/-90,Equipo,Competicion,Jugadores,90s,CrdY,CrdR,2CrdY,Fls,Fld,Off,Crs,Int,TklW,PKwon,PKcon,OG,Recov,Won,Lost,Won%
Alavés,La Liga,29,27.3,45.7,33,363,2970,33.0,35,20,55,29,6,8,95,5,36.8,30.5,22.4,53.0,408,1029,1.06,0.61,1.67,0.88,1.48,1.12,0.68,1.8,0.93,1.6,Alavés,La Liga,3,33,33,2969,33.0,46,1.39,118,73,70.3,8,10,15,6,18.2,11,11,0,0,0.0,Alavés,La Liga,3,33.0,46,11,2,4,1,43.3,0.3,-1.7,-0.05,312,742,42.0,767,75,69.5,46.7,260,80.4,57.4,448,30,6.7,26,0.79,13.0,Alavés,La Liga,29,33.0,35,346,109,31.5,10.48,3.3,0.08,0.27,17.6,9,6,8,36.8,30.5,0.09,-1.8,-1.5,Alavés,La Liga,29,33.0,9297,12926,71.9,177219,74927,3980,4805,82.8,3942,4896,80.5,1180,2485,47.5,20,22.4,22.6,-2.4,250,861,202,92,1029,Alavés,La Liga,29,33.0,12926,11166,1691,476,34,91,710,722,154,55,71,6,9297,69,310,Alavés,La Liga,29,33.0,608,18.42,409,82,23,37,43,14,55,1.67,37,3,3,7,5,0,Alavés,La Liga,29,33.0,626,387,299,254,73,302,616,49.0,314,333,83,250,268,894,771,10,Alavés,La Liga,29,45.7,33.0,16655,1610,5080,7491,4237,610,16647,426,163,38.3,217,50.9,8018,40456,20623,408,292,83,519,255,9192,1018,Alavés,La Liga,29,27.3,33,2970,90,100,33.0,363,81,218,142,22,235,1.03,35,46,-11,-0.33,36.8,41.1,-4.3,-0.13,Alavés,La Liga,29,33.0,95,5,2,538,422,69,710,268,387,5,11,1,1298,562,592,48.7
Angers,Ligue 1,26,28.4,41.5,31,341,2790,31.0,28,15,43,23,5,6,41,2,33.7,29.0,22.0,51.0,456,868,0.9,0.48,1.39,0.74,1.23,1.09,0.71,1.8,0.94,1.64,Angers,Ligue 1,1,31,31,2790,31.0,50,1.61,180,130,73.9,8,6,17,6,19.4,4,3,0,1,0.0,Angers,Ligue 1,1,31.0,50,3,0,7,0,62.3,0.34,12.3,0.4,140,408,34.3,697,172,38.7,35.7,250,55.2,43.2,495,45,9.1,19,0.61,10.9,Angers,Ligue 1,26,31.0,28,279,84,30.1,9.0,2.71,0.08,0.27,18.3,12,5,6,33.7,29.0,0.11,-5.7,-6.0,Angers,Ligue 1,26,31.0,10196,12930,78.9,179196,67741,4574,5185,88.2,4452,5235,85.0,926,1837,50.4,15,22.0,21.4,-7.0,195,708,185,60,868,Angers,Ligue 1,26,31.0,12930,11489,1380,389,53,60,521,549,113,47,48,4,10196,61,235,Angers,Ligue 1,26,31.0,487,15.71,344,42,24,30,27,20,49,1.58,30,3,3,4,7,2,Angers,Ligue 1,26,31.0,576,364,312,187,77,264,547,48.3,283,334,105,229,313,889,810,19,Angers,Ligue 1,26,41.5,31.0,16457,1924,6007,7190,3462,475,16451,575,241,41.9,304,52.9,8639,47628,24689,456,332,92,456,275,10113,858,Angers,Ligue 1,26,28.4,31,2790,90,100,31.0,341,81,196,143,20,136,0.97,29,50,-21,-0.68,33.7,52.4,-18.7,-0.6,Angers,Ligue 1,26,31.0,41,2,0,345,367,61,521,313,364,6,4,0,1300,311,383,44.8
Arsenal,eng Premier League,25,26.6,57.1,34,374,3060,34.0,61,50,111,59,2,2,64,5,53.0,51.5,40.4,91.9,755,1655,1.79,1.47,3.26,1.74,3.21,1.56,1.19,2.75,1.51,2.7,Arsenal,eng Premier League,1,34,34,3060,34.0,29,0.85,106,77,75.5,18,13,3,12,35.3,3,3,0,0,0.0,Arsenal,eng Premier League,1,34.0,29,3,2,6,0,28.7,0.25,-0.3,-0.01,130,413,31.5,1086,156,30.0,29.4,176,49.4,38.6,356,47,13.2,60,1.76,17.2,Arsenal,eng Premier League,25,34.0,61,481,157,32.6,14.15,4.62,0.12,0.38,15.0,9,2,2,53.0,51.5,0.11,8.0,7.5,Arsenal,eng Premier League,25,34.0,15412,18278,84.3,252697,78773,7724,8427,91.7,6475,7266,89.1,947,1834,51.6,50,40.4,40.8,9.6,377,1253,393,66,1655,Arsenal,eng Premier League,25,34.0,18278,16807,1396,385,68,69,700,543,230,198,3,2,15412,75,250,Arsenal,eng Premier League,25,34.0,855,25.15,641,76,41,56,31,10,108,3.18,78,11,4,10,4,1,Arsenal,eng Premier League,25,34.0,531,314,195,227,109,230,458,50.2,228,290,95,195,204,735,587,26,Arsenal,eng Premier League,25,57.1,34.0,21653,1620,5421,9417,6975,1157,21651,654,284,43.4,287,43.9,12722,67374,35912,755,470,259,425,345,15264,1632,Arsenal,eng Premier League,25,26.6,34,3060,90,100,34.0,374,83,245,126,19,180,1.97,63,29,34,1.0,53.0,29.0,24.0,0.71,Arsenal,eng Premier League,25,34.0,64,5,2,367,360,75,700,204,314,2,3,0,1277,429,417,50.7
Aston Villa,eng Premier League,28,27.8,51.0,34,374,3060,34.0,52,41,93,49,3,6,68,2,52.4,47.6,38.6,86.2,646,1197,1.53,1.21,2.74,1.44,2.65,1.54,1.14,2.68,1.4,2.54,Aston Villa,eng Premier League,2,34,34,3060,34.0,49,1.44,138,88,65.2,16,9,9,6,17.6,2,1,1,0,50.0,Aston Villa,eng Premier League,2,34.0,49,1,1,2,0,47.5,0.34,-1.5,-0.05,154,399,38.6,1056,118,28.3,30.1,261,38.3,33.0,475,50,10.5,29,0.85,13.8,Aston Villa,eng Premier League,28,34.0,52,438,145,33.1,12.88,4.26,0.11,0.34,16.2,12,3,6,52.4,47.6,0.11,-0.4,1.4,Aston Villa,eng Premier League,28,34.0,13346,16095,82.9,228211,79269,6169,6825,90.4,5953,6687,89.0,961,1810,53.1,41,38.6,33.4,2.4,329,1028,287,51,1197,Aston Villa,eng Premier League,28,34.0,16095,14519,1526,516,83,48,546,453,213,141,21,1,13346,50,316,Aston Villa,eng Premier League,28,34.0,782,23.0,549,81,46,55,38,13,94,2.76,75,5,3,6,4,1,Aston Villa,eng Premier League,28,34.0,587,339,270,232,85,279,495,56.4,216,298,98,200,223,810,700,40,Aston Villa,eng Premier League,28,51.0,34.0,19630,2368,6614,8373,4837,867,19624,656,293,44.7,271,41.3,11100,61400,32196,646,407,196,459,345,13102,1185,Aston Villa,eng Premier League,28,27.8,34,3060,90,100,34.0,374,80,220,154,24,150,1.68,54,49,5,0.15,52.4,45.0,7.3,0.22,Aston Villa,eng Premier League,28,34.0,68,2,1,373,443,50,546,223,339,6,2,0,1266,337,377,47.2
Atalanta,Serie A,32,28.0,55.8,34,374,3060,34.0,65,45,110,60,5,7,63,1,57.0,51.6,41.2,92.7,812,1641,1.91,1.32,3.24,1.76,3.09,1.68,1.21,2.89,1.52,2.73,Atalanta,Serie A,3,34,34,3060,34.0,31,0.91,122,93,76.2,19,8,7,14,41.2,2,2,0,0,0.0,Atalanta,Serie A,3,34.0,31,2,0,3,2,34.5,0.29,5.5,0.16,122,374,32.6,879,172,27.4,24.3,204,65.2,48.9,307,20,6.5,50,1.47,24.5,Atalanta,Serie A,32,34.0,65,483,163,33.7,14.21,4.79,0.12,0.37,15.0,5,5,7,57.0,51.6,0.11,8.0,8.4,Atalanta,Serie A,32,34.0,15892,19082,83.3,276861,87945,7142,7928,90.1,7081,8042,88.1,1367,2268,60.3,45,41.2,42.5,3.8,379,1254,353,104,1641,Atalanta,Serie A,32,34.0,19082,17533,1497,412,44,109,709,642,174,76,66,1,15892,52,303,Atalanta,Serie A,32,34.0,869,25.56,653,73,46,64,22,11,113,3.32,90,4,3,12,4,0,Atalanta,Serie A,32,34.0,526,316,218,239,69,251,457,54.9,206,321,85,236,263,789,579,14,Atalanta,Serie A,32,55.8,34.0,22679,1788,6145,10313,6418,959,22672,582,231,39.7,301,51.7,13950,74046,38489,812,640,220,522,335,15784,1627,Atalanta,Serie A,32,28.0,34,3060,90,100,34.0,374,79,209,165,25,224,1.91,67,31,36,1.06,57.0,33.3,23.7,0.7,Atalanta,Serie A,32,34.0,63,1,1,390,357,52,709,263,316,5,2,2,1580,518,417,55.4
Athletic Club,La Liga,30,27.6,48.7,33,363,2970,33.0,50,39,89,47,3,6,59,3,48.0,43.2,33.0,76.2,613,1401,1.52,1.18,2.7,1.42,2.61,1.45,1.0,2.45,1.31,2.31,Athletic Club,La Liga,3,33,33,2967,33.0,26,0.79,102,75,76.5,16,12,5,11,33.3,4,2,2,0,50.0,Athletic Club,La Liga,3,33.0,26,2,2,3,1,27.2,0.24,2.2,0.07,157,459,34.2,806,137,38.6,33.1,203,72.9,53.9,401,36,9.0,43,1.3,15.8,Athletic Club,La Liga,30,33.0,50,420,137,32.6,12.73,4.15,0.11,0.34,17.5,7,3,6,48.0,43.2,0.11,2.0,3.8,Athletic Club,La Liga,30,33.0,12023,15255,78.8,222372,79393,4919,5662,86.9,5748,6642,86.5,1207,2360,51.1,39,33.0,30.1,6.0,319,1154,252,85,1401,Athletic Club,La Liga,30,33.0,15255,13623,1578,408,42,102,692,737,171,68,67,1,12023,54,256,Athletic Club,La Liga,30,33.0,756,22.91,571,56,48,37,25,19,87,2.64,59,8,7,7,6,0,Athletic Club,La Liga,30,33.0,515,304,217,223,75,263,512,51.4,249,304,60,244,296,811,739,22,Athletic Club,La Liga,30,48.7,33.0,19017,1627,5369,8991,4836,686,19011,676,271,40.1,337,49.9,9895,53338,28956,613,395,167,509,348,11897,1385,Athletic Club,La Liga,30,27.6,33,2970,90,100,33.0,363,79,196,164,23,220,1.82,50,26,24,0.73,48.0,32.1,15.9,0.48,Athletic Club,La Liga,30,33.0,59,3,1,409,330,54,692,296,304,5,4,1,1506,418,436,48.9
Atlético Madrid,La Liga,24,29.1,51.8,33,363,2970,33.0,56,42,98,50,6,7,71,3,53.9,48.5,39.2,87.8,639,1329,1.7,1.27,2.97,1.52,2.79,1.63,1.19,2.82,1.47,2.66,Atlético Madrid,La Liga,2,33,33,2970,33.0,27,0.82,102,77,78.4,19,9,5,14,42.4,5,5,0,0,0.0,Atlético Madrid,La Liga,2,33.0,27,5,1,2,2,22.2,0.18,-2.8,-0.09,102,267,38.2,577,163,26.5,31.2,292,39.0,35.8,450,25,5.6,24,0.73,13.4,Atlético Madrid,La Liga,24,33.0,56,393,138,35.1,11.91,4.18,0.13,0.36,17.0,10,6,7,53.9,48.5,0.13,2.1,1.5,Atlético Madrid,La Liga,24,33.0,15282,18448,82.8,254387,86615,7467,8284,90.1,6089,6960,87.5,1275,2193,58.1,42,39.2,37.4,2.8,292,1051,304,83,1329,Atlético Madrid,La Liga,24,33.0,18448,16783,1604,398,62,104,580,693,162,54,58,0,15282,61,350,Atlético Madrid,La Liga,24,33.0,698,21.15,558,38,31,38,20,13,100,3.03,82,0,6,6,4,2,Atlético Madrid,La Liga,24,33.0,531,320,264,203,64,286,567,50.4,281,306,89,217,229,760,707,20,Atlético Madrid,La Liga,24,51.8,33.0,21887,2009,6900,9963,5188,711,21880,552,237,42.9,264,47.8,13361,65449,34676,639,478,138,467,237,15182,1325,Atlético Madrid,La Liga,24,29.1,33,2970,90,100,33.0,363,78,199,162,27,210,2.0,56,27,29,0.88,53.9,30.8,23.1,0.7,Atlético Madrid,La Liga,24,33.0,71,3,0,358,365,61,580,229,320,4,5,2,1360,398,382,51.0
Augsburg,Bundesliga,29,27.6,43.3,31,341,2790,31.0,33,25,58,32,1,2,77,4,29.3,27.7,21.1,48.8,405,1025,1.06,0.81,1.87,1.03,1.84,0.95,0.68,1.63,0.89,1.58,Augsburg,Bundesliga,2,31,31,2790,31.0,42,1.35,138,98,72.5,11,10,10,11,35.5,4,4,0,0,0.0,Augsburg,Bundesliga,2,31.0,42,4,1,3,2,42.6,0.29,2.6,0.08,203,523,38.8,884,113,41.4,35.2,273,57.5,44.1,521,20,3.8,40,1.29,14.7,Augsburg,Bundesliga,29,31.0,33,344,100,29.1,11.1,3.23,0.09,0.32,17.7,10,1,2,29.3,27.7,0.08,3.7,4.3,Augsburg,Bundesliga,29,31.0,10219,13292,76.9,188215,74306,4336,5069,85.5,4569,5341,85.5,1110,2136,52.0,25,21.1,29.1,3.9,253,780,217,62,1025,Augsburg,Bundesliga,29,31.0,13292,11775,1464,378,31,44,509,602,138,54,57,1,10219,53,328,Augsburg,Bundesliga,29,31.0,607,19.58,434,66,31,39,32,5,60,1.94,40,7,5,4,3,1,Augsburg,Bundesliga,29,31.0,432,277,187,189,56,220,399,55.1,179,385,113,272,320,752,901,15,Augsburg,Bundesliga,29,43.3,31.0,17039,2051,5640,7442,4144,598,17037,502,207,41.2,253,50.4,8930,42793,20934,405,322,89,535,270,10128,1013,Augsburg,Bundesliga,29,27.6,31,2790,90,100,31.0,341,80,195,143,23,134,1.39,33,42,-9,-0.29,29.3,42.5,-13.2,-0.42,Augsburg,Bundesliga,29,31.0,77,4,2,334,340,53,509,320,277,2,4,2,1332,486,450,51.9
Auxerre,Ligue 1,29,26.7,42.0,31,341,2790,31.0,44,32,76,40,4,5,61,4,39.8,36.1,30.9,67.0,445,987,1.42,1.03,2.45,1.29,2.32,1.28,1.0,2.28,1.17,2.16,Auxerre,Ligue 1,2,31,31,2790,31.0,45,1.45,157,113,75.2,11,8,12,10,32.3,7,6,1,0,14.3,Auxerre,Ligue 1,2,31.0,45,6,0,6,2,52.2,0.3,9.2,0.3,206,639,32.2,875,156,55.4,42.4,219,70.3,51.5,506,28,5.5,41,1.32,15.0,Auxerre,Ligue 1,29,31.0,44,355,138,38.9,11.45,4.45,0.11,0.29,17.5,10,4,5,39.8,36.1,0.1,4.2,3.9,Auxerre,Ligue 1,29,31.0,9791,12700,77.1,180312,70143,4247,4895,86.8,4097,4807,85.2,1179,2291,51.5,32,30.9,22.5,1.1,278,726,195,61,987,Auxerre,Ligue 1,29,31.0,12700,11287,1366,413,29,151,502,534,125,46,60,0,9791,47,260,Auxerre,Ligue 1,29,31.0,650,20.97,482,55,32,37,24,20,81,2.61,49,9,7,7,8,1,Auxerre,Ligue 1,29,31.0,616,375,306,219,91,295,562,52.5,267,371,118,253,321,937,868,16,Auxerre,Ligue 1,29,42.0,31.0,16472,2072,6120,6974,3547,580,16467,587,236,40.2,311,53.0,9009,45843,22327,445,319,128,415,314,9721,981,Auxerre,Ligue 1,29,26.7,31,2790,90,100,31.0,341,83,197,140,17,139,1.32,45,45,0,0.0,39.8,53.3,-13.5,-0.44,Auxerre,Ligue 1,29,31.0,61,4,1,369,329,47,502,321,375,4,7,2,1382,389,388,50.1
Barcelona,La Liga,27,25.5,67.7,33,363,2970,33.0,86,63,149,80,6,7,54,3,79.8,74.3,60.4,134.7,749,1926,2.61,1.91,4.52,2.42,4.33,2.42,1.83,4.25,2.25,4.08,Barcelona,La Liga,3,33,33,2970,33.0,32,0.97,94,62,69.1,24,4,5,11,33.3,3,3,0,0,0.0,Barcelona,La Liga,3,33.0,32,3,0,2,0,30.6,0.3,-1.4,-0.04,53,157,33.8,1021,159,12.0,24.6,168,20.2,27.3,317,12,3.8,138,4.18,20.0,Barcelona,La Liga,27,33.0,86,575,209,36.3,17.42,6.33,0.14,0.38,17.0,23,6,7,79.8,74.3,0.13,6.2,5.7,Barcelona,La Liga,27,33.0,19185,22172,86.5,322059,100529,8853,9640,91.8,8452,9309,90.8,1370,2110,64.9,63,60.4,57.1,2.6,438,1709,426,67,1926,Barcelona,La Liga,27,33.0,22172,20487,1625,542,112,120,602,623,227,87,42,1,19185,60,322,Barcelona,La Liga,27,33.0,1032,31.27,795,50,72,60,44,11,148,4.48,108,3,15,10,11,1,Barcelona,La Liga,27,33.0,464,292,155,214,95,236,450,52.4,214,297,56,241,193,657,541,14,Barcelona,La Liga,27,67.7,33.0,25770,1661,5775,12940,7246,1053,25763,798,397,49.7,328,41.1,15544,79600,42995,749,580,200,516,278,19076,1917,Barcelona,La Liga,27,25.5,33,2970,90,100,33.0,363,81,207,155,22,221,2.3,89,32,57,1.73,79.8,34.2,45.6,1.38,Barcelona,La Liga,27,33.0,54,3,1,302,401,60,602,193,292,7,3,0,1462,337,297,53.2
Bayern Munich,Bundesliga,29,28.4,68.3,31,341,2790,31.0,87,58,145,78,9,10,46,1,76.2,68.4,54.8,123.3,741,1930,2.81,1.87,4.68,2.52,4.39,2.46,1.77,4.23,2.21,3.98,Bayern Munich,Bundesliga,4,31,31,2790,31.0,29,0.94,66,37,57.6,23,6,2,14,45.2,2,1,0,1,0.0,Bayern Munich,Bundesliga,4,31.0,29,1,0,4,0,24.0,0.37,-5.0,-0.16,119,280,42.5,1113,109,22.5,28.2,135,22.2,26.8,243,12,4.9,63,2.03,12.3,Bayern Munich,Bundesliga,29,31.0,87,578,235,40.7,18.65,7.58,0.13,0.33,16.6,18,9,10,76.2,68.4,0.12,10.8,9.6,Bayern Munich,Bundesliga,29,31.0,20920,23638,88.5,344869,107630,10436,11176,93.4,8728,9487,92.0,1402,2115,66.3,58,54.8,68.4,3.2,462,1954,421,64,1930,Bayern Munich,Bundesliga,29,31.0,23638,22310,1275,335,115,106,564,540,205,117,23,1,20920,53,309,Bayern Munich,Bundesliga,29,31.0,1062,34.26,821,59,82,54,35,11,144,4.65,98,5,17,13,8,3,Bayern Munich,Bundesliga,29,31.0,465,278,151,218,96,224,405,55.3,181,290,46,244,218,683,458,21,Bayern Munich,Bundesliga,29,68.3,31.0,27004,1485,5604,13686,7878,1103,26994,728,349,47.9,328,45.1,16561,82428,41449,741,616,231,447,241,20791,1917,Bayern Munich,Bundesliga,29,28.4,31,2790,90,100,31.0,341,82,204,137,21,142,2.42,90,29,61,1.97,76.2,22.3,53.9,1.74,Bayern Munich,Bundesliga,29,31.0,46,1,0,279,315,53,564,218,278,6,2,0,1520,388,298,56.6
Betis,La Liga,35,28.2,52.2,33,363,2970,33.0,48,31,79,42,6,9,67,4,50.1,43.1,34.3,77.4,587,1263,1.45,0.94,2.39,1.27,2.21,1.52,1.04,2.55,1.31,2.34,Betis,La Liga,3,33,33,2970,33.0,41,1.24,112,72,67.0,15,9,9,7,21.2,4,4,0,0,0.0,Betis,La Liga,3,33.0,41,4,0,7,1,38.6,0.32,-1.4,-0.04,95,330,28.8,905,152,28.4,31.0,181,40.3,36.8,449,27,6.0,44,1.33,11.3,Betis,La Liga,35,33.0,48,453,148,32.7,13.73,4.48,0.09,0.28,17.9,12,6,9,50.1,43.1,0.1,-2.1,-1.1,Betis,La Liga,35,33.0,13484,16581,81.3,226070,77772,6463,7206,89.7,5445,6303,86.4,1129,2094,53.9,31,34.3,30.1,-3.3,366,948,279,68,1263,Betis,La Liga,35,33.0,16581,14868,1665,541,46,125,544,699,170,69,60,0,13484,48,331,Betis,La Liga,35,33.0,826,25.03,620,59,53,43,37,14,86,2.61,62,6,1,9,7,1,Betis,La Liga,35,33.0,566,349,236,244,86,303,568,53.3,265,355,97,258,316,882,795,13,Betis,La Liga,35,52.2,33.0,20576,1924,6471,9107,5198,799,20567,626,273,43.6,302,48.2,11841,59598,31042,587,454,195,570,337,13357,1247,Betis,La Liga,35,28.2,33,2970,90,100,33.0,363,81,206,155,21,201,1.64,50,41,9,0.27,50.1,40.7,9.4,0.28,Betis,La Liga,35,33.0,67,4,0,380,467,48,544,316,349,8,4,1,1445,416,431,49.1
Bochum,Bundesliga,26,28.8,45.3,31,341,2790,31.0,29,21,50,28,1,3,67,2,38.3,35.8,27.4,63.2,339,977,0.94,0.68,1.61,0.9,1.58,1.24,0.88,2.12,1.16,2.04,Bochum,Bundesliga,2,31,31,2790,31.0,64,2.06,141,75,56.7,4,7,20,3,9.7,6,3,2,1,40.0,Bochum,Bundesliga,2,31.0,64,3,2,7,0,56.1,0.37,-7.9,-0.25,320,738,43.4,974,87,54.7,37.6,271,75.6,50.7,425,16,3.8,45,1.45,15.8,Bochum,Bundesliga,26,31.0,29,399,118,29.6,12.87,3.81,0.07,0.24,17.6,11,1,3,38.3,35.8,0.09,-9.3,-7.8,Bochum,Bundesliga,26,31.0,9323,12917,72.2,184511,78226,3482,4206,82.8,4332,5340,81.1,1327,2598,51.1,21,27.4,32.4,-6.4,283,768,215,72,977,Bochum,Bundesliga,26,31.0,12917,11363,1499,326,34,37,623,657,151,97,49,0,9323,55,337,Bochum,Bundesliga,26,31.0,679,21.9,485,79,21,49,32,13,47,1.52,26,5,3,8,3,2,Bochum,Bundesliga,26,31.0,543,324,289,184,70,284,534,53.2,250,438,127,311,275,818,810,21,Bochum,Bundesliga,26,45.3,31.0,16644,2047,5733,7287,3777,623,16641,391,150,38.4,227,58.1,8180,38833,17319,339,272,72,476,207,9219,965,Bochum,Bundesliga,26,28.8,31,2790,90,100,31.0,341,82,200,139,20,140,0.68,30,63,-33,-1.06,38.3,60.2,-21.9,-0.71,Bochum,Bundesliga,26,31.0,67,2,1,431,276,55,623,275,324,3,6,0,1305,670,608,52.4
Bologna,Serie A,30,27.0,58.0,34,374,3060,34.0,51,38,89,45,6,7,52,3,45.1,39.6,31.5,71.0,585,1306,1.5,1.12,2.62,1.32,2.44,1.33,0.93,2.25,1.16,2.09,Bologna,Serie A,2,34,34,3060,34.0,37,1.09,91,55,61.5,16,13,5,12,35.3,3,2,1,0,33.3,Bologna,Serie A,2,34.0,37,2,0,2,2,33.5,0.35,-1.5,-0.04,150,421,35.6,1240,141,28.8,31.7,171,37.4,35.7,298,26,8.7,27,0.79,12.7,Bologna,Serie A,30,34.0,51,455,152,33.4,13.38,4.47,0.1,0.3,17.5,18,6,7,45.1,39.6,0.09,5.9,5.4,Bologna,Serie A,30,34.0,14063,17335,81.1,265049,87509,5488,6182,88.8,6770,7682,88.1,1563,2736,57.1,38,31.5,27.2,6.5,343,1207,265,97,1306,Bologna,Serie A,30,34.0,17335,15614,1669,586,39,122,653,683,160,44,85,0,14063,52,279,Bologna,Serie A,30,34.0,822,24.18,595,77,36,49,45,20,93,2.74,68,3,3,9,7,3,Bologna,Serie A,30,34.0,538,313,201,241,96,259,491,52.7,232,355,87,268,232,770,632,18,Bologna,Serie A,30,58.0,34.0,20944,1900,6080,9854,5199,742,20937,505,201,39.8,244,48.3,12358,63974,30227,585,385,149,531,329,13908,1296,Bologna,Serie A,30,27.0,34,3060,90,100,34.0,374,81,207,165,21,304,1.79,52,37,15,0.44,45.1,31.6,13.4,0.39,Bologna,Serie A,30,34.0,52,3,1,487,538,52,653,232,313,6,3,2,1398,524,572,47.8
Bournemouth,eng Premier League,29,25.9,47.7,34,374,3060,34.0,52,38,90,46,6,7,88,2,59.6,54.0,40.8,94.8,678,1332,1.53,1.12,2.65,1.35,2.47,1.75,1.2,2.95,1.59,2.79,Bournemouth,eng Premier League,3,34,34,3060,34.0,41,1.21,160,119,76.9,13,11,10,8,23.5,4,4,0,0,0.0,Bournemouth,eng Premier League,3,34.0,41,4,1,5,0,50.4,0.3,9.4,0.28,161,433,37.2,844,143,37.1,36.8,244,49.2,39.9,438,22,5.0,55,1.62,12.6,Bournemouth,eng Premier League,29,34.0,52,527,177,33.6,15.5,5.21,0.09,0.26,16.8,9,6,7,59.6,54.0,0.11,-7.6,-8.0,Bournemouth,eng Premier League,29,34.0,11327,14883,76.1,204901,77212,4904,5697,86.1,4942,5858,84.4,1212,2533,47.8,38,40.8,32.9,-2.8,404,1098,299,90,1332,Bournemouth,eng Premier League,29,34.0,14883,13290,1530,382,52,69,746,621,208,154,17,3,11327,63,277,Bournemouth,eng Premier League,29,34.0,930,27.35,708,63,39,61,38,21,89,2.62,60,5,5,7,10,2,Bournemouth,eng Premier League,29,34.0,638,371,268,276,94,275,580,47.4,305,431,130,301,326,964,928,19,Bournemouth,eng Premier League,29,47.7,34.0,19211,2016,5771,8214,5464,910,19204,615,264,42.9,277,45.0,10321,60564,32325,678,469,211,541,322,11220,1318,Bournemouth,eng Premier League,29,25.9,34,3060,90,100,34.0,374,83,229,144,19,162,1.47,53,41,12,0.35,59.6,44.3,15.2,0.45,Bournemouth,eng Premier League,29,34.0,88,2,0,458,358,63,746,326,371,7,4,0,1660,527,567,48.2
Brentford,eng Premier League,28,26.6,47.7,33,363,2970,33.0,56,37,93,51,5,5,48,1,49.7,45.8,36.1,81.9,516,1180,1.7,1.12,2.82,1.55,2.67,1.5,1.09,2.6,1.39,2.48,Brentford,eng Premier League,2,33,33,2970,33.0,50,1.52,180,133,72.8,13,7,13,6,18.2,1,1,0,0,0.0,Brentford,eng Premier League,2,33.0,50,1,0,2,3,48.0,0.27,1.0,0.03,238,618,38.5,1291,113,37.0,34.6,290,48.3,39.1,528,43,8.1,31,0.94,11.4,Brentford,eng Premier League,28,33.0,56,373,148,39.7,11.3,4.48,0.14,0.34,15.2,10,5,5,49.7,45.8,0.13,6.3,5.2,Brentford,eng Premier League,28,33.0,11699,14970,78.1,214210,81819,5135,5919,86.8,5082,5997,84.7,1259,2371,53.1,37,36.1,33.4,0.9,286,966,285,78,1180,Brentford,eng Premier League,28,33.0,14970,13534,1374,339,58,60,586,514,148,115,2,0,11699,62,253,Brentford,eng Premier League,28,33.0,679,20.58,506,60,32,40,31,10,98,2.97,69,9,4,6,9,1,Brentford,eng Premier League,28,33.0,550,332,252,193,105,274,514,53.3,240,421,172,249,258,808,928,24,Brentford,eng Premier League,28,47.7,33.0,18788,2915,7362,6977,4621,857,18783,544,227,41.7,253,46.5,9934,53699,27357,516,320,183,455,259,11522,1164,Brentford,eng Premier League,28,26.6,33,2970,90,100,33.0,363,85,241,123,15,174,1.39,56,50,6,0.18,49.7,50.1,-0.4,-0.01,Brentford,eng Premier League,28,33.0,48,1,0,267,300,62,586,258,332,5,1,3,1423,551,490,52.9
Brest,Ligue 1,29,28.9,47.9,31,341,2790,31.0,49,30,79,42,7,9,62,3,42.3,35.2,27.0,62.3,421,991,1.58,0.97,2.55,1.35,2.32,1.36,0.87,2.24,1.14,2.01,Brest,Ligue 1,2,31,31,2790,31.0,53,1.71,129,77,64.3,13,5,13,8,25.8,9,7,1,1,12.5,Brest,Ligue 1,2,31.0,53,7,1,5,2,42.7,0.28,-8.3,-0.27,205,500,41.0,843,122,43.4,36.6,216,62.0,47.1,451,32,7.1,44,1.42,15.7,Brest,Ligue 1,29,31.0,49,371,141,38.0,11.97,4.55,0.11,0.3,17.1,6,7,9,42.3,35.2,0.1,6.7,6.8,Brest,Ligue 1,29,31.0,11270,14337,78.6,210237,76428,4689,5388,87.0,4948,5773,85.7,1370,2483,55.2,30,27.0,27.5,3.0,271,832,175,58,991,Brest,Ligue 1,29,31.0,14337,12870,1425,436,34,120,594,557,133,65,60,0,11270,42,257,Brest,Ligue 1,29,31.0,662,21.35,452,73,25,44,50,18,80,2.58,48,5,4,13,8,2,Brest,Ligue 1,29,31.0,592,381,262,234,96,276,527,52.4,251,329,95,234,287,879,794,11,Brest,Ligue 1,29,47.9,31.0,17850,2000,6109,8024,3865,584,17841,447,185,41.4,228,51.0,9196,49508,24119,421,308,107,460,220,11184,979,Brest,Ligue 1,29,28.9,31,2790,90,100,31.0,341,82,206,134,20,139,1.42,49,53,-4,-0.13,42.3,50.1,-7.9,-0.25,Brest,Ligue 1,29,31.0,62,3,1,398,371,42,594,287,381,5,9,2,1348,491,476,50.8
Brighton,eng Premier League,31,25.6,52.5,34,374,3060,34.0,54,36,90,49,5,5,73,3,52.0,48.2,36.3,84.5,726,1380,1.59,1.06,2.65,1.44,2.5,1.53,1.07,2.6,1.42,2.49,Brighton,eng Premier League,2,34,34,3060,34.0,55,1.62,132,79,63.6,13,12,9,7,20.6,7,7,0,0,0.0,Brighton,eng Premier League,2,34.0,55,7,1,4,2,46.1,0.31,-6.9,-0.2,113,343,32.9,1071,115,27.3,25.1,214,23.8,23.5,394,27,6.9,49,1.44,15.4,Brighton,eng Premier League,31,34.0,54,468,161,34.4,13.76,4.74,0.1,0.3,17.2,24,5,5,52.0,48.2,0.1,2.0,0.8,Brighton,eng Premier League,31,34.0,14216,17243,82.4,241867,81970,6868,7601,90.4,5862,6706,87.4,1194,2162,55.2,36,36.3,34.5,-0.3,331,1067,303,80,1380,Brighton,eng Premier League,31,34.0,17243,15738,1465,443,66,71,623,550,169,98,41,6,14216,40,275,Brighton,eng Premier League,31,34.0,834,24.53,618,60,51,42,49,14,97,2.85,69,6,8,4,8,2,Brighton,eng Premier League,31,34.0,620,377,251,260,109,304,632,48.1,328,392,109,283,280,900,682,26,Brighton,eng Premier League,31,52.5,34.0,21274,2329,6778,9244,5490,953,21269,735,304,41.4,361,49.1,12508,69206,37695,726,516,232,515,312,14054,1365,Brighton,eng Premier League,31,25.6,34,3060,90,100,34.0,374,82,207,164,18,142,1.5,56,55,1,0.03,52.0,47.7,4.4,0.13,Brighton,eng Premier League,31,34.0,73,3,2,394,374,40,623,280,377,4,7,2,1463,470,422,52.7
Cagliari,Serie A,26,27.4,45.5,34,374,3060,34.0,33,26,59,30,3,3,62,3,39.1,36.7,29.0,65.7,469,1046,0.97,0.76,1.74,0.88,1.65,1.15,0.85,2.0,1.08,1.93,Cagliari,Serie A,3,34,34,3060,34.0,49,1.44,138,89,68.8,8,9,17,6,17.6,6,6,0,0,0.0,Cagliari,Serie A,3,34.0,49,6,0,9,0,48.7,0.32,-0.3,-0.01,203,520,39.0,888,151,42.7,35.5,299,47.2,39.2,484,24,5.0,29,0.85,11.8,Cagliari,Serie A,26,34.0,33,380,104,27.4,11.18,3.06,0.08,0.29,16.0,8,3,3,39.1,36.7,0.1,-6.1,-6.7,Cagliari,Serie A,26,34.0,10933,14293,76.5,198071,80159,4761,5512,86.4,4889,5805,84.2,1098,2264,48.5,26,29.0,26.5,-3.0,271,830,215,81,1046,Cagliari,Serie A,26,34.0,14293,12587,1648,431,24,55,698,672,164,36,120,0,10933,58,297,Cagliari,Serie A,26,34.0,676,19.88,465,81,34,59,30,7,61,1.79,48,2,2,4,4,1,Cagliari,Serie A,26,34.0,483,268,234,203,46,215,398,54.0,183,304,113,191,243,726,785,16,Cagliari,Serie A,26,45.5,34.0,17859,2251,6855,7373,3808,597,17856,503,214,42.5,246,48.9,9607,48370,23719,469,315,106,509,268,10824,1038,Cagliari,Serie A,26,27.4,34,3060,90,100,34.0,374,80,209,162,22,277,0.97,35,49,-14,-0.41,39.1,49.0,-9.9,-0.29,Cagliari,Serie A,26,34.0,62,3,3,459,355,58,698,243,268,2,6,0,1365,561,556,50.2
Celta Vigo,La Liga,30,27.8,53.8,33,363,2970,33.0,49,35,84,42,7,8,76,5,46.5,40.2,33.3,73.5,605,1471,1.48,1.06,2.55,1.27,2.33,1.41,1.01,2.42,1.22,2.23,Celta Vigo,La Liga,2,33,33,2970,33.0,49,1.48,122,74,61.5,13,7,13,7,21.2,3,2,1,0,33.3,Celta Vigo,La Liga,2,33.0,49,2,0,8,2,41.3,0.32,-5.7,-0.17,58,199,29.1,696,187,18.0,26.9,236,31.4,32.0,423,24,5.7,44,1.33,14.0,Celta Vigo,La Liga,30,33.0,49,376,142,37.8,11.39,4.3,0.11,0.3,18.0,17,7,8,46.5,40.2,0.11,2.5,1.8,Celta Vigo,La Liga,30,33.0,15654,18705,83.7,272846,90817,6709,7456,90.0,7321,8152,89.8,1253,2154,58.2,35,33.3,32.5,1.7,289,1261,262,50,1471,Celta Vigo,La Liga,30,33.0,18705,17088,1558,422,69,127,446,694,124,42,52,0,15654,59,323,Celta Vigo,La Liga,30,33.0,671,20.33,523,32,34,45,26,11,85,2.58,67,1,5,5,7,0,Celta Vigo,La Liga,30,33.0,481,296,216,197,68,243,490,49.6,247,296,77,219,255,736,697,22,Celta Vigo,La Liga,30,53.8,33.0,22066,1917,6500,10803,4941,731,22058,543,210,38.7,281,51.7,13188,66088,34584,605,431,194,485,266,15566,1461,Celta Vigo,La Liga,30,27.8,33,2970,90,100,33.0,363,79,199,163,23,231,1.39,50,49,1,0.03,46.5,35.6,10.9,0.33,Celta Vigo,La Liga,30,33.0,76,5,3,409,371,59,446,255,296,6,3,2,1370,335,385,46.5
Chelsea,eng Premier League,29,24.4,58.3,34,374,3060,34.0,57,44,101,54,3,4,94,1,62.1,59.0,48.1,107.1,783,1471,1.68,1.29,2.97,1.59,2.88,1.83,1.42,3.24,1.73,3.15,Chelsea,eng Premier League,2,34,34,3060,34.0,40,1.18,144,103,75.7,17,9,8,9,26.5,6,5,1,0,16.7,Chelsea,eng Premier League,2,34.0,40,5,0,4,0,42.7,0.26,2.7,0.08,91,379,24.0,1086,184,32.0,32.3,193,16.6,20.3,362,41,11.3,53,1.56,14.8,Chelsea,eng Premier League,29,34.0,57,547,190,34.7,16.09,5.59,0.1,0.28,16.8,16,3,4,62.1,59.0,0.11,-5.1,-5.0,Chelsea,eng Premier League,29,34.0,16566,19510,84.9,286368,90167,7412,8089,91.6,7566,8364,90.5,1267,2288,55.4,44,48.1,38.6,-4.1,424,1374,329,70,1471,Chelsea,eng Premier League,29,34.0,19510,17974,1481,468,75,91,610,534,212,118,29,8,16566,55,272,Chelsea,eng Premier League,29,34.0,984,28.94,754,57,52,63,37,21,102,3.0,72,5,8,8,6,3,Chelsea,eng Premier League,29,34.0,521,326,218,216,87,244,487,50.1,243,312,93,219,244,765,592,43,Chelsea,eng Premier League,29,58.3,34.0,22990,2132,6858,10384,5938,1031,22986,706,293,41.5,300,42.5,13377,71356,37759,783,443,284,417,277,16432,1454,Chelsea,eng Premier League,29,24.4,34,3060,90,100,34.0,374,83,245,129,19,177,1.76,59,40,19,0.56,62.1,43.2,18.9,0.56,Chelsea,eng Premier League,29,34.0,94,1,1,392,402,55,610,244,326,4,6,0,1408,364,357,50.5
Como,Serie A,38,27.0,54.2,34,374,3060,34.0,39,34,73,39,0,2,81,6,40.7,39.2,32.4,71.6,593,1194,1.15,1.0,2.15,1.15,2.15,1.2,0.95,2.15,1.15,2.11,Como,Serie A,3,34,34,3060,34.0,48,1.41,128,80,68.0,11,9,14,6,17.6,7,7,0,0,0.0,Como,Serie A,3,34.0,48,7,0,6,0,39.9,0.27,-8.1,-0.24,139,367,37.9,1040,142,32.7,32.2,172,15.7,20.6,388,26,6.7,56,1.65,12.2,Como,Serie A,38,34.0,39,457,158,34.6,13.44,4.65,0.09,0.25,17.9,14,0,2,40.7,39.2,0.09,-1.7,-0.2,Como,Serie A,38,34.0,14053,17007,82.6,238026,84290,6696,7368,90.9,5789,6541,88.5,1168,2142,54.5,34,32.4,26.9,1.6,356,1008,246,53,1194,Como,Serie A,38,34.0,17007,15334,1613,545,38,84,517,665,151,39,61,0,14053,60,327,Como,Serie A,38,34.0,810,23.82,589,78,41,56,35,11,70,2.06,57,2,5,3,1,2,Como,Serie A,38,34.0,611,381,276,242,93,278,535,52.0,257,310,81,229,246,857,711,17,Como,Serie A,38,54.2,34.0,20674,2100,6907,9203,4749,707,20672,567,242,42.7,260,45.9,12585,62879,31006,593,405,185,523,327,13889,1189,Como,Serie A,38,27.0,34,3060,90,100,34.0,374,82,206,167,18,275,1.24,44,48,-4,-0.12,40.7,37.4,3.2,0.1,Como,Serie A,38,34.0,81,6,3,460,468,60,517,246,381,1,7,0,1408,427,444,49.0
Crystal Palace,eng Premier League,29,26.9,43.0,34,374,3060,34.0,41,32,73,39,2,3,75,4,51.3,49.0,39.2,88.2,450,1036,1.21,0.94,2.15,1.15,2.09,1.51,1.15,2.66,1.44,2.59,Crystal Palace,eng Premier League,1,34,34,3060,34.0,47,1.38,139,94,66.9,11,12,11,10,29.4,2,1,1,0,50.0,Crystal Palace,eng Premier League,1,34.0,47,1,1,2,3,46.5,0.34,2.5,0.07,143,533,26.8,819,102,48.0,38.4,267,52.4,42.5,488,26,5.3,37,1.09,14.3,Crystal Palace,eng Premier League,29,34.0,41,448,149,33.3,13.18,4.38,0.09,0.26,17.0,18,2,3,51.3,49.0,0.11,-10.3,-10.0,Crystal Palace,eng Premier League,29,34.0,10754,14232,75.6,193429,72416,4718,5506,85.7,4796,5728,83.7,1024,2291,44.7,32,39.2,31.3,-7.2,331,813,243,60,1036,Crystal Palace,eng Premier League,29,34.0,14232,12712,1454,396,60,53,540,554,156,101,18,0,10754,66,270,Crystal Palace,eng Premier League,29,34.0,768,22.59,555,67,29,61,44,12,74,2.18,48,8,5,8,4,1,Crystal Palace,eng Premier League,29,34.0,699,409,339,271,89,299,596,50.2,297,431,124,307,290,989,953,19,Crystal Palace,eng Premier League,29,43.0,34.0,18333,2282,6865,7643,3999,695,18330,431,185,42.9,202,46.9,9207,46593,22590,450,318,110,444,307,10672,1023,Crystal Palace,eng Premier League,29,26.9,34,3060,90,100,34.0,374,83,240,131,18,175,1.32,43,47,-4,-0.12,51.3,44.2,7.2,0.21,Crystal Palace,eng Premier League,29,34.0,75,4,3,374,362,66,540,290,409,3,2,3,1504,462,577,44.5
Dortmund,Bundesliga,28,27.4,59.2,31,341,2790,31.0,58,47,105,54,4,5,66,6,55.2,51.3,42.8,94.2,633,1428,1.87,1.52,3.39,1.74,3.26,1.78,1.38,3.16,1.66,3.04,Dortmund,Bundesliga,2,31,31,2790,31.0,49,1.58,126,77,64.3,14,6,11,5,16.1,4,4,0,0,0.0,Dortmund,Bundesliga,2,31.0,49,4,0,5,1,46.2,0.35,-1.8,-0.06,107,342,31.3,1039,119,26.1,34.8,201,35.3,30.1,395,20,5.1,42,1.35,14.8,Dortmund,Bundesliga,28,31.0,58,440,142,32.3,14.19,4.58,0.12,0.38,16.0,9,4,5,55.2,51.3,0.12,2.8,2.7,Dortmund,Bundesliga,28,31.0,15593,18598,83.8,270283,90429,7077,7777,91.0,6917,7694,89.9,1285,2271,56.6,47,42.8,45.7,4.2,343,1209,296,81,1428,Dortmund,Bundesliga,28,31.0,18598,17093,1465,406,58,86,654,601,180,96,51,3,15593,40,297,Dortmund,Bundesliga,28,31.0,787,25.39,572,56,69,54,24,12,104,3.35,74,4,11,8,4,3,Dortmund,Bundesliga,28,31.0,478,292,216,179,83,236,441,53.5,205,345,93,252,221,699,644,18,Dortmund,Bundesliga,28,59.2,31.0,22133,1999,6510,10584,5226,834,22128,680,314,46.2,301,44.3,13243,65401,33279,633,458,193,464,290,15446,1420,Dortmund,Bundesliga,28,27.4,31,2790,90,100,31.0,341,81,198,139,21,136,1.55,60,49,11,0.35,55.2,39.1,16.0,0.52,Dortmund,Bundesliga,28,31.0,66,6,3,297,324,40,654,221,292,4,4,1,1360,444,386,53.5
Eint Frankfurt,Bundesliga,26,25.7,49.7,31,341,2790,31.0,62,41,103,59,3,5,49,1,60.1,56.4,41.0,97.5,546,1238,2.0,1.32,3.32,1.9,3.23,1.94,1.32,3.26,1.82,3.14,Eint Frankfurt,Bundesliga,2,31,31,2790,31.0,42,1.35,157,115,73.9,16,7,8,9,29.0,3,1,2,0,66.7,Eint Frankfurt,Bundesliga,2,31.0,42,1,0,10,2,46.3,0.29,6.3,0.2,111,374,29.7,875,145,34.7,28.9,250,28.0,27.7,486,35,7.2,37,1.19,12.9,Eint Frankfurt,Bundesliga,26,31.0,62,448,159,35.5,14.45,5.13,0.13,0.37,16.4,13,3,5,60.1,56.4,0.13,1.9,2.6,Eint Frankfurt,Bundesliga,26,31.0,12871,15774,81.6,214639,79232,6210,6850,90.7,5307,6100,87.0,996,1984,50.2,41,41.0,40.8,0.0,329,934,287,50,1238,Eint Frankfurt,Bundesliga,26,31.0,15774,14377,1343,353,45,61,500,511,157,92,46,0,12871,54,272,Eint Frankfurt,Bundesliga,26,31.0,793,25.58,549,62,54,74,35,19,105,3.39,61,8,15,12,5,4,Eint Frankfurt,Bundesliga,26,31.0,523,318,242,202,79,261,477,54.7,216,400,121,279,267,790,869,26,Eint Frankfurt,Bundesliga,26,49.7,31.0,19576,2380,6787,8700,4267,814,19571,567,278,49.0,250,44.1,11349,55084,27564,546,403,178,515,243,12760,1229,Eint Frankfurt,Bundesliga,26,25.7,31,2790,90,100,31.0,341,81,190,150,21,129,1.77,62,42,20,0.65,60.1,45.1,15.1,0.49,Eint Frankfurt,Bundesliga,26,31.0,49,1,1,304,270,54,500,267,318,2,3,2,1374,397,386,50.7
Empoli,Serie A,34,26.2,41.1,34,374,3060,34.0,26,17,43,24,2,3,58,4,29.5,27.1,21.3,48.4,370,889,0.76,0.5,1.26,0.71,1.21,0.87,0.63,1.49,0.8,1.42,Empoli,Serie A,3,34,34,3060,34.0,54,1.59,148,94,64.2,4,13,17,6,17.6,3,1,1,1,50.0,Empoli,Serie A,3,34.0,54,1,0,7,1,46.3,0.31,-6.7,-0.2,182,591,30.8,827,111,60.3,41.8,307,30.0,27.3,522,34,6.5,17,0.5,12.6,Empoli,Serie A,34,34.0,26,321,92,28.7,9.44,2.71,0.07,0.26,18.9,15,2,3,29.5,27.1,0.09,-3.5,-3.1,Empoli,Serie A,34,34.0,8958,12354,72.5,165046,66217,3602,4356,82.7,4016,4903,81.9,1031,2293,45.0,17,21.3,17.9,-4.3,235,705,188,65,889,Empoli,Serie A,34,34.0,12354,10637,1667,441,32,60,537,686,145,60,42,0,8958,50,276,Empoli,Serie A,34,34.0,557,16.38,399,42,36,31,32,17,42,1.24,29,2,5,3,2,1,Empoli,Serie A,34,34.0,634,361,292,269,73,286,501,57.1,215,362,129,233,299,933,959,19,Empoli,Serie A,34,41.1,34.0,16266,2125,5921,7150,3381,506,16263,442,189,42.8,207,46.8,7524,38287,17964,370,247,95,536,315,8861,881,Empoli,Serie A,34,26.2,34,3060,90,100,34.0,374,82,218,153,19,256,0.74,27,54,-27,-0.79,29.5,46.1,-16.6,-0.49,Empoli,Serie A,34,34.0,58,4,1,506,404,50,537,299,361,3,3,1,1333,512,621,45.2
Espanyol,La Liga,27,26.0,39.4,33,363,2970,33.0,33,24,57,29,4,4,76,0,27.9,24.8,19.5,44.3,425,865,1.0,0.73,1.73,0.88,1.61,0.85,0.59,1.44,0.75,1.34,Espanyol,La Liga,1,33,33,2970,33.0,42,1.27,166,122,77.1,10,9,14,7,21.2,6,4,2,0,33.3,Espanyol,La Liga,1,33.0,42,4,2,6,0,50.3,0.28,8.3,0.25,160,453,35.3,785,169,41.7,34.7,289,43.6,35.7,601,57,9.5,33,1.0,11.9,Espanyol,La Liga,27,33.0,33,296,78,26.4,8.97,2.36,0.1,0.37,18.5,15,4,4,27.9,24.8,0.09,5.1,4.2,Espanyol,La Liga,27,33.0,9114,12069,75.5,172099,69118,3631,4236,85.7,4175,4928,84.7,1110,2263,49.0,24,19.5,19.4,4.5,215,670,170,70,865,Espanyol,La Liga,27,33.0,12069,10563,1459,425,37,80,516,549,121,31,65,0,9114,47,250,Espanyol,La Liga,27,33.0,528,16.0,354,64,28,28,42,12,59,1.79,35,7,3,4,9,1,Espanyol,La Liga,27,33.0,564,346,331,191,42,272,521,52.2,249,375,136,239,279,843,1009,16,Espanyol,La Liga,27,39.4,33.0,15925,2300,6435,6642,3025,456,15921,483,194,40.2,239,49.5,8019,45575,24174,425,304,89,486,203,9038,857,Espanyol,La Liga,27,26.0,33,2970,90,100,33.0,363,81,208,156,20,235,1.18,35,42,-7,-0.21,27.9,48.8,-20.9,-0.63,Espanyol,La Liga,27,33.0,76,0,0,439,379,47,516,279,346,4,6,0,1188,425,437,49.3
Everton,eng Premier League,26,28.8,40.4,34,374,3060,34.0,31,20,51,29,2,2,73,2,36.3,34.7,27.6,62.3,435,911,0.91,0.59,1.5,0.85,1.44,1.07,0.81,1.88,1.02,1.83,Everton,eng Premier League,1,34,34,3060,34.0,41,1.21,144,101,71.5,8,14,12,10,29.4,2,0,2,0,100.0,Everton,eng Premier League,1,34.0,41,0,1,6,0,43.4,0.3,2.4,0.07,275,719,38.2,1156,153,50.6,39.7,253,53.0,42.5,491,26,5.3,56,1.65,15.3,Everton,eng Premier League,26,34.0,31,358,119,33.2,10.53,3.5,0.08,0.24,17.1,10,2,2,36.3,34.7,0.1,-5.3,-5.7,Everton,eng Premier League,26,34.0,9995,13212,75.7,189249,75342,4413,5115,86.3,4025,4785,84.1,1361,2596,52.4,20,27.6,24.0,-7.6,267,887,232,80,911,Everton,eng Premier League,26,34.0,13212,11679,1454,372,27,75,603,614,140,90,24,11,9995,79,276,Everton,eng Premier League,26,34.0,632,18.59,478,52,40,24,28,10,52,1.53,34,3,4,3,5,3,Everton,eng Premier League,26,34.0,666,392,335,244,87,305,591,51.6,286,352,127,225,299,965,1000,23,Everton,eng Premier League,26,40.4,34.0,17238,2197,6246,6935,4245,646,17236,587,262,44.6,282,48.0,8339,45196,22362,435,323,110,465,354,9913,897,Everton,eng Premier League,26,28.8,34,3060,90,100,34.0,374,84,260,112,19,193,1.12,34,41,-7,-0.21,36.3,42.2,-5.9,-0.17,Everton,eng Premier League,26,34.0,73,2,1,394,333,79,603,299,392,1,2,0,1371,545,505,51.9
Fiorentina,Serie A,34,27.1,49.6,34,374,3060,34.0,51,35,86,45,6,8,70,2,42.3,36.1,29.9,66.0,543,1098,1.5,1.03,2.53,1.32,2.35,1.24,0.88,2.12,1.06,1.94,Fiorentina,Serie A,2,34,34,3060,34.0,34,1.0,134,99,75.4,17,8,9,12,35.3,3,1,2,0,66.7,Fiorentina,Serie A,2,34.0,34,1,0,1,1,35.0,0.25,2.0,0.06,206,475,43.4,830,130,41.3,35.9,267,49.4,40.2,461,14,3.0,31,0.91,14.7,Fiorentina,Serie A,34,34.0,51,379,140,36.9,11.15,4.12,0.12,0.32,17.9,19,6,8,42.3,36.1,0.1,8.7,8.9,Fiorentina,Serie A,34,34.0,12341,15319,80.6,228162,80895,5027,5661,88.8,5647,6484,87.1,1388,2431,57.1,35,29.9,24.2,5.1,288,833,213,65,1098,Fiorentina,Serie A,34,34.0,15319,13666,1574,537,24,88,515,574,129,55,36,1,12341,79,258,Fiorentina,Serie A,34,34.0,694,20.41,498,52,45,43,44,12,88,2.59,58,7,7,8,8,0,Fiorentina,Serie A,34,34.0,476,283,240,170,66,229,446,51.3,217,313,108,205,243,719,838,17,Fiorentina,Serie A,34,49.6,34.0,18856,2171,6507,8677,3857,589,18848,542,241,44.5,229,42.3,10995,58968,28445,543,404,147,489,279,12214,1085,Fiorentina,Serie A,34,27.1,34,3060,90,100,34.0,374,81,210,162,21,228,1.74,53,34,19,0.56,42.3,36.4,5.9,0.17,Fiorentina,Serie A,34,34.0,70,2,2,388,493,79,515,243,283,6,3,1,1275,458,442,50.9
Freiburg,Bundesliga,26,28.0,49.2,31,341,2790,31.0,42,32,74,42,0,4,51,2,41.2,38.1,27.7,65.8,418,1062,1.35,1.03,2.39,1.35,2.39,1.33,0.89,2.22,1.23,2.12,Freiburg,Bundesliga,2,31,31,2790,31.0,47,1.52,139,91,67.6,15,6,10,11,35.5,4,2,2,0,50.0,Freiburg,Bundesliga,2,31.0,47,2,1,6,1,44.9,0.31,-1.1,-0.03,188,504,37.3,1128,132,34.7,35.4,227,49.8,40.8,438,36,8.2,34,1.1,12.3,Freiburg,Bundesliga,26,31.0,42,381,125,32.8,12.29,4.03,0.11,0.34,17.1,16,0,4,41.2,38.1,0.11,0.8,3.9,Freiburg,Bundesliga,26,31.0,12084,15312,78.9,215125,77863,5179,5938,87.2,5455,6309,86.5,1119,2194,51.0,32,27.7,33.5,4.3,266,900,234,70,1062,Freiburg,Bundesliga,26,31.0,15312,13983,1279,318,32,52,531,538,119,70,35,0,12084,50,305,Freiburg,Bundesliga,26,31.0,671,21.65,472,57,35,55,41,11,77,2.48,55,6,3,8,4,1,Freiburg,Bundesliga,26,31.0,466,291,207,207,52,218,428,50.9,210,366,105,261,249,715,711,19,Freiburg,Bundesliga,26,49.2,31.0,18653,2070,6218,8514,4059,656,18649,454,205,45.2,220,48.5,9574,50451,24857,418,301,113,409,231,11884,1054,Freiburg,Bundesliga,26,28.0,31,2790,90,100,31.0,341,82,196,144,18,135,1.65,44,47,-3,-0.1,41.2,39.2,2.0,0.06,Freiburg,Bundesliga,26,31.0,51,2,1,280,286,50,531,249,291,3,4,1,1267,534,543,49.6
Fulham,eng Premier League,26,28.8,52.3,34,374,3060,34.0,49,42,91,46,3,4,70,2,45.2,42.0,34.9,76.9,710,1409,1.44,1.24,2.68,1.35,2.59,1.33,1.03,2.35,1.24,2.26,Fulham,eng Premier League,1,34,34,3060,34.0,46,1.35,139,95,68.3,14,9,11,5,14.7,2,2,0,0,0.0,Fulham,eng Premier League,1,34.0,46,2,0,4,2,41.3,0.29,-2.7,-0.08,122,335,36.4,1034,147,25.0,29.0,234,32.9,29.9,456,20,4.4,25,0.74,13.0,Fulham,eng Premier League,26,34.0,49,458,148,32.3,13.47,4.35,0.1,0.31,16.3,8,3,4,45.2,42.0,0.09,3.8,4.0,Fulham,eng Premier League,26,34.0,14589,17830,81.8,260056,87883,6462,7219,89.5,6532,7419,88.0,1336,2415,55.3,42,34.9,32.0,7.1,355,1207,296,93,1409,Fulham,eng Premier League,26,34.0,17830,16299,1492,406,40,103,812,581,191,81,84,0,14589,39,314,Fulham,eng Premier League,26,34.0,836,24.59,631,71,35,61,23,15,91,2.68,72,3,5,4,4,3,Fulham,eng Premier League,26,34.0,603,369,286,237,80,258,508,50.8,250,335,99,236,275,878,798,28,Fulham,eng Premier League,26,52.3,34.0,21539,2335,7209,8867,5693,848,21535,584,261,44.7,235,40.2,12753,66332,34506,710,501,203,453,253,14454,1396,Fulham,eng Premier League,26,28.8,34,3060,90,100,34.0,374,83,215,159,16,147,1.5,50,46,4,0.12,45.2,39.7,5.5,0.16,Fulham,eng Premier League,26,34.0,70,2,0,381,327,39,812,275,369,3,2,2,1453,480,480,50.0
Genoa,Serie A,35,27.0,45.8,34,374,3060,34.0,28,21,49,28,0,2,66,1,33.9,32.3,24.4,56.6,415,907,0.82,0.62,1.44,0.82,1.44,1.0,0.72,1.71,0.95,1.67,Genoa,Serie A,2,34,34,3060,34.0,41,1.21,132,91,73.5,9,12,13,11,32.4,8,6,2,0,25.0,Genoa,Serie A,2,34.0,41,6,0,5,2,43.1,0.28,4.1,0.12,166,433,38.3,837,128,36.6,33.7,275,46.2,39.3,468,23,4.9,16,0.47,11.1,Genoa,Serie A,35,34.0,28,347,103,29.7,10.21,3.03,0.08,0.27,17.9,15,0,2,33.9,32.3,0.09,-5.9,-4.3,Genoa,Serie A,35,34.0,10820,14141,76.5,199325,73976,4305,5030,85.6,5130,6034,85.0,1114,2256,49.4,21,24.4,20.3,-3.4,257,681,183,67,907,Genoa,Serie A,35,34.0,14141,12500,1589,458,36,52,600,643,139,52,75,0,10820,52,300,Genoa,Serie A,35,34.0,596,17.53,415,72,19,41,39,10,48,1.41,34,6,0,6,2,0,Genoa,Serie A,35,34.0,612,353,260,256,96,250,497,50.3,247,372,109,263,275,887,840,14,Genoa,Serie A,35,45.8,34.0,18051,2225,6660,7944,3606,587,18049,455,167,36.7,237,52.1,8828,47323,22874,415,310,99,535,267,10716,896,Genoa,Serie A,35,27.0,34,3060,90,100,34.0,374,81,224,151,22,289,1.15,29,41,-12,-0.35,33.9,41.8,-7.9,-0.23,Genoa,Serie A,35,34.0,66,1,0,436,398,52,600,275,353,1,8,2,1323,605,629,49.0
Getafe,La Liga,30,28.4,42.7,33,363,2970,33.0,31,18,49,26,5,5,97,5,32.9,29.1,20.5,49.5,326,882,0.94,0.55,1.48,0.79,1.33,1.0,0.62,1.62,0.88,1.5,Getafe,La Liga,1,33,33,2970,33.0,30,0.91,101,70,76.2,10,9,14,9,27.3,7,6,1,0,14.3,Getafe,La Liga,1,33.0,30,6,0,3,0,33.9,0.29,3.9,0.12,250,676,37.0,618,62,71.4,47.6,270,87.0,59.2,411,19,4.6,30,0.91,13.9,Getafe,La Liga,30,33.0,31,381,112,29.4,11.55,3.39,0.07,0.23,19.4,15,5,5,32.9,29.1,0.08,-1.9,-3.1,Getafe,La Liga,30,33.0,7756,11425,67.9,150150,65782,3325,4088,81.3,3157,4146,76.1,1092,2544,42.9,18,20.5,20.5,-2.5,258,867,199,91,882,Getafe,La Liga,30,33.0,11425,9558,1790,518,17,105,637,809,130,49,61,1,7756,77,226,Getafe,La Liga,30,33.0,652,19.76,427,82,43,34,52,14,51,1.55,28,7,1,8,5,2,Getafe,La Liga,30,33.0,567,343,261,241,65,287,583,49.2,296,359,76,283,232,799,893,13,Getafe,La Liga,30,42.7,33.0,15507,1534,4516,7068,4110,585,15502,565,232,41.1,284,50.3,6918,35931,17182,326,272,88,656,320,7679,869,Getafe,La Liga,30,28.4,33,2970,90,100,33.0,363,81,221,141,22,219,1.18,31,30,1,0.03,32.9,39.2,-6.2,-0.19,Getafe,La Liga,30,33.0,97,5,3,537,448,77,637,232,343,3,7,0,1238,678,652,51.0
Girona,La Liga,29,28.2,57.5,33,363,2970,33.0,39,28,67,35,4,5,71,2,37.2,33.4,26.9,60.3,674,1502,1.18,0.85,2.03,1.06,1.91,1.13,0.82,1.94,1.01,1.83,Girona,La Liga,2,33,33,2970,33.0,52,1.58,136,82,63.2,9,8,16,6,18.2,5,2,3,0,60.0,Girona,La Liga,2,33.0,52,2,1,5,1,44.5,0.3,-6.5,-0.2,82,267,30.7,926,130,22.0,29.1,217,29.0,31.6,394,34,8.6,29,0.88,12.7,Girona,La Liga,29,33.0,39,353,117,33.1,10.7,3.55,0.1,0.3,17.7,11,4,5,37.2,33.4,0.1,1.8,1.6,Girona,La Liga,29,33.0,16171,18914,85.5,283913,88825,7140,7757,92.0,7435,8189,90.8,1335,2232,59.8,28,26.9,34.2,1.1,273,1306,279,80,1502,Girona,La Liga,29,33.0,18914,17300,1542,433,32,118,720,638,169,79,65,1,16171,72,303,Girona,La Liga,29,33.0,649,19.67,502,54,32,29,21,11,70,2.12,51,6,2,7,3,1,Girona,La Liga,29,33.0,488,303,234,188,66,250,482,51.9,232,287,87,200,237,725,603,28,Girona,La Liga,29,57.5,33.0,22126,2175,6929,10071,5289,727,22121,577,264,45.8,250,43.3,13519,76197,38939,674,488,164,462,281,15966,1496,Girona,La Liga,29,28.2,33,2970,90,100,33.0,363,81,213,149,22,223,1.06,40,52,-12,-0.36,37.2,42.3,-5.1,-0.15,Girona,La Liga,29,33.0,71,2,0,372,390,72,720,237,303,4,5,1,1267,281,298,48.5
Gladbach,Bundesliga,26,27.3,49.9,31,341,2790,31.0,49,36,85,45,4,5,52,3,46.6,42.5,34.2,76.7,467,1015,1.58,1.16,2.74,1.45,2.61,1.5,1.1,2.6,1.37,2.47,Gladbach,Bundesliga,4,31,31,2786,31.0,50,1.62,168,119,74.4,13,5,13,7,22.6,8,7,1,0,12.5,Gladbach,Bundesliga,4,31.0,50,7,1,5,2,52.0,0.28,4.0,0.13,174,417,41.7,1134,141,29.3,31.8,261,32.6,29.3,547,34,6.2,25,0.81,16.9,Gladbach,Bundesliga,26,31.0,49,369,137,37.1,11.9,4.42,0.12,0.33,16.3,5,4,5,46.6,42.5,0.12,2.4,2.5,Gladbach,Bundesliga,26,31.0,12996,16062,80.9,225404,79778,5968,6667,89.5,5598,6453,86.8,1150,2114,54.4,36,34.2,31.7,1.8,274,781,249,81,1015,Gladbach,Bundesliga,26,31.0,16062,14573,1432,366,79,66,550,587,138,60,62,0,12996,57,323,Gladbach,Bundesliga,26,31.0,655,21.13,477,65,24,46,29,14,87,2.81,69,6,2,5,4,1,Gladbach,Bundesliga,26,31.0,464,259,254,161,49,220,426,51.6,206,407,148,259,278,742,966,21,Gladbach,Bundesliga,26,49.9,31.0,19693,2656,7590,8589,3660,636,19688,439,193,44.0,215,49.0,10746,53459,26795,467,314,118,383,250,12856,1008,Gladbach,Bundesliga,26,27.3,31,2790,90,100,31.0,341,83,189,150,16,129,1.42,51,50,1,0.03,46.6,57.4,-10.8,-0.35,Gladbach,Bundesliga,26,31.0,52,3,2,319,311,57,550,278,259,5,8,2,1200,485,435,52.7
Heidenheim,Bundesliga,26,27.7,42.9,31,341,2790,31.0,33,22,55,28,5,5,63,1,36.9,33.0,26.1,59.1,466,873,1.06,0.71,1.77,0.9,1.61,1.19,0.84,2.03,1.06,1.91,Heidenheim,Bundesliga,1,31,31,2790,31.0,60,1.94,161,101,65.8,7,4,20,7,22.6,5,5,0,0,0.0,Heidenheim,Bundesliga,1,31.0,60,5,0,6,0,56.4,0.33,-3.6,-0.11,147,417,35.3,962,144,33.0,34.2,269,37.2,37.1,434,20,4.6,18,0.58,11.9,Heidenheim,Bundesliga,26,31.0,33,357,109,30.5,11.52,3.52,0.08,0.26,17.2,10,5,5,36.9,33.0,0.1,-3.9,-5.0,Heidenheim,Bundesliga,26,31.0,9950,13213,75.3,193610,75168,3684,4463,82.5,4751,5603,84.8,1304,2444,53.4,22,26.1,29.0,-4.1,263,742,210,79,873,Heidenheim,Bundesliga,26,31.0,13213,11670,1496,374,18,71,529,638,126,67,39,0,9950,47,309,Heidenheim,Bundesliga,26,31.0,639,20.61,440,66,37,46,42,8,53,1.71,30,6,3,9,4,1,Heidenheim,Bundesliga,26,31.0,572,330,301,222,49,284,532,53.4,248,404,101,303,290,862,872,14,Heidenheim,Bundesliga,26,42.9,31.0,16995,2209,6624,7137,3439,567,16990,472,207,43.9,222,47.0,9033,47081,23744,466,311,86,484,211,9866,858,Heidenheim,Bundesliga,26,27.7,31,2790,90,100,31.0,341,80,194,147,23,132,0.81,33,60,-27,-0.87,36.9,53.7,-16.8,-0.54,Heidenheim,Bundesliga,26,31.0,63,1,0,359,352,47,529,290,330,3,5,0,1284,506,586,46.3
Hellas Verona,Serie A,32,25.9,38.9,34,374,3060,34.0,27,17,44,25,2,2,87,9,31.0,29.4,23.0,52.4,421,919,0.79,0.5,1.29,0.74,1.24,0.91,0.68,1.59,0.87,1.54,Hellas Verona,Serie A,2,34,34,3060,34.0,62,1.82,157,95,61.1,9,5,20,8,23.5,3,1,1,1,50.0,Hellas Verona,Serie A,2,34.0,62,1,0,6,1,50.1,0.32,-10.9,-0.32,193,668,28.9,717,90,58.9,48.8,279,88.2,58.7,486,29,6.0,23,0.68,22.3,Hellas Verona,Serie A,32,34.0,27,339,87,25.7,9.97,2.56,0.07,0.29,17.7,12,2,2,31.0,29.4,0.09,-4.0,-4.4,Hellas Verona,Serie A,32,34.0,9033,12235,73.8,163776,63390,4023,4703,85.5,3777,4529,83.4,982,2282,43.0,17,23.0,18.8,-6.0,251,758,177,55,919,Hellas Verona,Serie A,32,34.0,12235,10744,1440,359,25,83,504,566,140,64,58,1,9033,51,253,Hellas Verona,Serie A,32,34.0,584,17.18,423,58,29,35,28,11,41,1.21,25,4,3,5,2,2,Hellas Verona,Serie A,32,34.0,610,385,300,240,70,284,534,53.2,250,351,113,238,302,912,852,23,Hellas Verona,Serie A,32,38.9,34.0,15996,1835,5439,7280,3462,485,15994,469,209,44.6,216,46.1,7962,43525,20416,421,307,94,477,240,8953,911,Hellas Verona,Serie A,32,25.9,34,3060,90,100,34.0,374,79,206,161,23,329,0.94,30,62,-32,-0.94,31.0,49.3,-18.3,-0.54,Hellas Verona,Serie A,32,34.0,87,9,5,509,316,51,504,302,385,1,3,1,1282,590,620,48.8
Hoffenheim,Bundesliga,34,27.2,49.1,31,341,2790,31.0,40,24,64,37,3,3,64,2,39.1,36.8,30.1,66.9,437,1105,1.29,0.77,2.06,1.19,1.97,1.26,0.97,2.23,1.19,2.16,Hoffenheim,Bundesliga,2,31,31,2790,31.0,58,1.87,156,97,64.7,7,9,15,4,12.9,6,3,3,0,50.0,Hoffenheim,Bundesliga,2,31.0,58,3,0,7,2,58.3,0.36,2.3,0.07,181,501,36.1,943,137,42.8,35.4,209,46.4,37.8,449,20,4.5,33,1.06,14.6,Hoffenheim,Bundesliga,34,31.0,40,391,131,33.5,12.61,4.23,0.09,0.28,17.7,10,3,3,39.1,36.8,0.1,0.9,0.2,Hoffenheim,Bundesliga,34,31.0,11775,15143,77.8,206221,78557,5282,6045,87.4,5012,5996,83.6,1108,2219,49.9,24,30.1,36.5,-6.1,289,949,276,103,1105,Hoffenheim,Bundesliga,34,31.0,15143,13625,1459,381,38,57,681,638,143,52,59,2,11775,59,315,Hoffenheim,Bundesliga,34,31.0,701,22.61,523,63,35,41,34,5,70,2.26,49,6,5,6,4,0,Hoffenheim,Bundesliga,34,31.0,528,308,246,218,64,248,475,52.2,227,414,131,283,259,787,827,21,Hoffenheim,Bundesliga,34,49.1,31.0,18856,2154,6116,8404,4490,687,18853,451,209,46.3,211,46.8,9907,46984,22802,437,350,109,410,278,11674,1096,Hoffenheim,Bundesliga,34,27.2,31,2790,90,100,31.0,341,80,199,140,22,137,0.97,40,58,-18,-0.58,39.1,51.9,-12.8,-0.41,Hoffenheim,Bundesliga,34,31.0,64,2,0,364,344,59,681,259,308,2,6,2,1342,518,539,49.0
Holstein Kiel,Bundesliga,27,26.3,44.1,31,341,2790,31.0,45,27,72,42,3,4,73,3,36.3,33.2,24.3,57.5,334,818,1.45,0.87,2.32,1.35,2.23,1.17,0.78,1.96,1.07,1.85,Holstein Kiel,Bundesliga,2,31,31,2790,31.0,74,2.39,176,104,60.8,5,7,19,2,6.5,6,5,1,0,16.7,Holstein Kiel,Bundesliga,2,31.0,74,5,3,6,3,59.3,0.31,-11.7,-0.38,199,537,37.1,971,152,38.7,32.1,277,58.1,44.8,596,36,6.0,22,0.71,9.4,Holstein Kiel,Bundesliga,27,31.0,45,343,125,36.4,11.06,4.03,0.12,0.34,17.5,10,3,4,36.3,33.2,0.1,8.7,8.8,Holstein Kiel,Bundesliga,27,31.0,9746,12884,75.6,186680,73483,3748,4393,85.3,4669,5535,84.4,1170,2356,49.7,27,24.3,25.5,2.7,249,635,167,64,818,Holstein Kiel,Bundesliga,27,31.0,12884,11364,1478,378,23,52,447,601,117,57,46,1,9746,42,271,Holstein Kiel,Bundesliga,27,31.0,609,19.65,427,71,19,47,36,9,74,2.39,45,8,4,9,5,3,Holstein Kiel,Bundesliga,27,31.0,491,295,259,165,67,252,481,52.4,229,381,144,237,271,762,992,19,Holstein Kiel,Bundesliga,27,44.1,31.0,16708,2571,7113,6917,2826,533,16704,389,168,43.2,184,47.3,7796,37796,18078,334,249,74,460,222,9665,804,Holstein Kiel,Bundesliga,27,26.3,31,2790,90,100,31.0,341,79,191,149,24,129,0.71,45,74,-29,-0.94,36.3,53.9,-17.6,-0.57,Holstein Kiel,Bundesliga,27,31.0,73,3,2,372,324,42,447,271,295,3,6,3,1170,494,557,47.0
Inter,Serie A,25,30.2,59.6,34,374,3060,34.0,69,53,122,63,6,7,48,1,60.5,55.4,44.2,99.6,619,1578,2.03,1.56,3.59,1.85,3.41,1.78,1.3,3.08,1.63,2.93,Inter,Serie A,2,34,34,3060,34.0,33,0.97,118,85,73.7,21,8,5,13,38.2,3,2,1,0,33.3,Inter,Serie A,2,34.0,33,2,0,3,1,32.5,0.25,0.5,0.01,105,252,41.7,1184,136,18.5,26.8,172,19.2,25.6,384,16,4.2,14,0.41,13.1,Inter,Serie A,25,34.0,69,525,163,31.0,15.44,4.79,0.12,0.39,16.3,16,6,7,60.5,55.4,0.11,8.5,7.6,Inter,Serie A,25,34.0,17124,19980,85.7,304337,96222,7297,8001,91.2,7963,8802,90.5,1562,2373,65.8,53,44.2,45.1,8.8,405,1237,370,111,1578,Inter,Serie A,25,34.0,19980,18485,1412,400,76,113,695,568,205,53,115,1,17124,83,263,Inter,Serie A,25,34.0,953,28.03,724,92,29,59,37,12,121,3.56,93,8,4,9,6,1,Inter,Serie A,25,34.0,458,263,190,186,82,217,415,52.3,198,311,105,206,207,665,591,10,Inter,Serie A,25,59.6,34.0,23251,2156,6744,10865,5802,946,23244,360,134,37.2,181,50.3,14340,72272,36101,619,503,134,381,223,16980,1565,Inter,Serie A,25,30.2,34,3060,90,100,34.0,374,80,206,169,22,242,2.09,72,33,39,1.15,60.5,31.4,29.2,0.86,Inter,Serie A,25,34.0,48,1,1,381,365,83,695,207,263,5,3,1,1292,561,387,59.2
Ipswich Town,eng Premier League,32,26.5,40.0,34,374,3060,34.0,32,24,56,30,2,2,85,5,30.4,28.9,21.1,49.9,439,816,0.94,0.71,1.65,0.88,1.59,0.9,0.62,1.52,0.85,1.47,Ipswich Town,eng Premier League,3,34,34,3060,34.0,74,2.18,193,121,64.8,4,9,21,2,5.9,6,6,0,0,0.0,Ipswich Town,eng Premier League,3,34.0,74,6,0,10,2,68.1,0.33,-3.9,-0.12,177,502,35.3,882,155,38.7,35.2,288,55.9,42.5,555,65,11.7,31,0.91,7.6,Ipswich Town,eng Premier League,32,34.0,32,317,105,33.1,9.32,3.09,0.09,0.29,17.6,10,2,2,30.4,28.9,0.09,1.6,1.1,Ipswich Town,eng Premier League,32,34.0,10100,13039,77.5,179917,69191,4547,5156,88.2,4434,5218,85.0,917,1979,46.3,24,21.1,18.5,2.9,240,761,147,44,816,Ipswich Town,eng Premier League,32,34.0,13039,11574,1419,385,42,55,442,507,131,98,18,1,10100,46,275,Ipswich Town,eng Premier League,32,34.0,560,16.47,384,66,44,25,29,12,52,1.53,41,2,5,2,2,0,Ipswich Town,eng Premier League,32,34.0,538,302,269,196,73,262,554,47.3,292,402,173,229,286,824,995,36,Ipswich Town,eng Premier League,32,40.0,34.0,16932,2734,6938,6659,3523,520,16930,552,243,44.0,246,44.6,8375,46709,22633,439,293,129,489,310,10002,803,Ipswich Town,eng Premier League,32,26.5,34,3060,90,100,34.0,374,82,212,159,17,147,0.62,33,74,-41,-1.21,30.4,68.9,-38.4,-1.13,Ipswich Town,eng Premier League,32,34.0,85,5,4,387,356,46,442,286,302,2,6,2,1293,486,486,50.0
Juventus,Serie A,29,25.4,58.1,34,374,3060,34.0,49,34,83,44,5,5,58,2,45.8,42.0,31.9,73.9,744,1438,1.44,1.0,2.44,1.29,2.29,1.35,0.94,2.29,1.23,2.17,Juventus,Serie A,2,34,34,3060,34.0,31,0.91,104,73,75.0,16,14,4,16,47.1,5,5,0,0,0.0,Juventus,Serie A,2,34.0,31,5,0,6,0,27.7,0.23,-3.3,-0.1,119,322,37.0,848,140,29.5,29.4,213,33.8,30.8,446,28,6.3,29,0.85,14.0,Juventus,Serie A,29,34.0,49,457,160,35.0,13.44,4.71,0.1,0.28,17.4,9,5,5,45.8,42.0,0.09,3.2,2.0,Juventus,Serie A,29,34.0,16930,19598,86.4,293757,89813,7700,8361,92.1,7600,8316,91.4,1347,2200,61.2,34,31.9,29.9,2.1,350,1290,274,62,1438,Juventus,Serie A,29,34.0,19598,18155,1399,367,38,97,575,589,166,83,65,0,16930,44,254,Juventus,Serie A,29,34.0,813,23.91,625,46,51,51,26,14,83,2.44,60,4,8,7,2,2,Juventus,Serie A,29,34.0,544,313,244,222,78,242,429,56.4,187,368,125,243,177,721,591,25,Juventus,Serie A,29,58.1,34.0,23082,2038,6944,10973,5352,755,23077,594,284,47.8,267,44.9,14194,80570,41905,744,511,189,499,263,16774,1426,Juventus,Serie A,29,25.4,34,3060,90,100,34.0,374,82,230,144,20,183,1.82,51,31,20,0.59,45.8,30.7,15.1,0.44,Juventus,Serie A,29,34.0,58,2,1,424,336,44,575,177,313,2,5,0,1361,412,415,49.8
Las Palmas,La Liga,30,27.7,50.0,33,363,2970,33.0,36,26,62,34,2,3,97,4,32.4,30.0,23.9,54.0,424,1044,1.09,0.79,1.88,1.03,1.82,0.98,0.72,1.71,0.91,1.64,Las Palmas,La Liga,2,33,33,2970,33.0,53,1.61,162,107,69.8,8,8,17,4,12.1,9,4,4,1,50.0,Las Palmas,La Liga,2,33.0,53,4,0,4,2,56.1,0.31,5.1,0.15,169,517,32.7,1024,169,40.4,34.5,291,35.4,34.2,496,18,3.6,31,0.94,14.5,Las Palmas,La Liga,30,33.0,36,348,120,34.5,10.55,3.64,0.1,0.28,19.0,18,2,3,32.4,30.0,0.09,3.6,4.0,Las Palmas,La Liga,30,33.0,12435,15746,79.0,219231,80070,5581,6333,88.1,5360,6270,85.5,1193,2352,50.7,26,23.9,23.4,2.1,259,918,221,72,1044,Las Palmas,La Liga,30,33.0,15746,14055,1636,491,44,93,561,643,126,44,57,2,12435,55,275,Las Palmas,La Liga,30,33.0,631,19.12,473,50,33,29,38,8,65,1.97,52,2,2,4,4,1,Las Palmas,La Liga,30,33.0,546,330,281,212,53,282,543,51.9,261,387,124,263,285,831,831,25,Las Palmas,La Liga,30,50.0,33.0,19409,2285,6803,8914,3838,581,19406,478,204,42.7,235,49.2,9927,49105,24586,424,295,101,471,237,12321,1033,Las Palmas,La Liga,30,27.7,33,2970,90,100,33.0,363,80,197,163,21,213,0.97,38,53,-15,-0.45,32.4,59.5,-27.0,-0.82,Las Palmas,La Liga,30,33.0,97,4,2,391,404,55,561,285,330,1,9,2,1257,441,465,48.7
Lazio,Serie A,27,27.9,54.6,34,374,3060,34.0,56,41,97,51,5,6,78,5,49.8,45.4,33.8,79.1,697,1405,1.65,1.21,2.85,1.5,2.71,1.47,0.99,2.46,1.33,2.33,Lazio,Serie A,2,34,34,3060,34.0,45,1.32,109,66,62.4,17,9,8,8,23.5,4,4,0,0,0.0,Lazio,Serie A,2,34.0,45,4,0,3,2,36.6,0.31,-6.4,-0.19,173,455,38.0,1082,113,35.4,33.3,235,30.6,28.9,451,41,9.1,44,1.29,14.5,Lazio,Serie A,27,34.0,56,463,166,35.9,13.62,4.88,0.11,0.31,17.8,13,5,6,49.8,45.4,0.1,6.2,5.6,Lazio,Serie A,27,34.0,14639,17394,84.2,264358,86548,6226,6840,91.0,6684,7435,89.9,1460,2396,60.9,41,33.8,30.8,7.2,357,1202,282,83,1405,Lazio,Serie A,27,34.0,17394,15767,1584,467,60,103,735,599,204,115,49,0,14639,43,246,Lazio,Serie A,27,34.0,837,24.62,619,56,48,64,32,18,97,2.85,72,4,7,8,5,1,Lazio,Serie A,27,34.0,471,290,208,203,60,227,453,50.1,226,275,80,195,266,737,634,21,Lazio,Serie A,27,54.6,34.0,20665,2053,6076,9878,4938,820,20659,575,275,47.8,239,41.6,12008,68992,35635,697,522,173,424,286,14530,1398,Lazio,Serie A,27,27.9,34,3060,90,100,34.0,374,81,214,157,21,211,1.76,57,45,12,0.35,49.8,35.2,14.7,0.43,Lazio,Serie A,27,34.0,78,5,2,382,435,43,735,266,290,4,4,2,1290,415,429,49.2
Le Havre,Ligue 1,31,27.6,42.5,31,341,2790,31.0,32,18,50,25,7,8,53,4,36.4,30.0,21.8,51.8,497,965,1.03,0.58,1.61,0.81,1.39,1.18,0.7,1.88,0.97,1.67,Le Havre,Ligue 1,2,31,31,2790,31.0,65,2.1,165,100,63.6,8,4,19,4,12.9,6,5,1,0,16.7,Le Havre,Ligue 1,2,31.0,65,5,1,7,1,67.5,0.39,3.5,0.11,123,306,40.2,737,135,31.6,32.9,216,33.8,31.0,511,28,5.5,14,0.45,11.0,Le Havre,Ligue 1,31,31.0,32,310,86,27.7,10.0,2.77,0.08,0.29,17.9,12,7,8,36.4,30.0,0.1,-4.4,-5.0,Le Havre,Ligue 1,31,31.0,10002,12723,78.6,183844,65707,4031,4640,86.9,4707,5459,86.2,1043,1960,53.2,18,21.8,23.3,-3.8,213,709,178,73,965,Le Havre,Ligue 1,31,31.0,12723,11334,1342,404,20,73,634,509,117,80,26,0,10002,47,251,Le Havre,Ligue 1,31,31.0,537,17.32,350,54,31,42,48,12,54,1.74,31,3,4,8,7,1,Le Havre,Ligue 1,31,31.0,577,356,306,196,75,284,508,55.9,224,338,125,213,297,874,920,21,Le Havre,Ligue 1,31,42.5,31.0,16327,2024,6149,7025,3351,538,16319,474,216,45.6,220,46.4,8627,47591,24133,497,323,88,421,291,9894,947,Le Havre,Ligue 1,31,27.6,31,2790,90,100,31.0,341,82,205,133,19,146,0.9,34,65,-31,-1.0,36.4,58.5,-22.1,-0.71,Le Havre,Ligue 1,31,31.0,53,4,1,349,364,47,634,297,356,5,6,1,1284,416,405,50.7
Lecce,Serie A,31,26.8,44.1,34,374,3060,34.0,24,18,42,21,3,4,55,5,32.0,29.1,22.1,51.2,471,963,0.71,0.53,1.24,0.62,1.15,0.94,0.65,1.59,0.86,1.51,Lecce,Serie A,1,34,34,3060,34.0,56,1.65,166,112,71.1,6,9,19,7,20.6,10,8,1,1,11.1,Lecce,Serie A,1,34.0,56,8,2,5,3,50.3,0.26,-2.7,-0.08,194,573,33.9,782,105,58.3,38.4,282,41.5,32.3,501,24,4.8,18,0.53,11.1,Lecce,Serie A,31,34.0,24,411,108,26.3,12.09,3.18,0.05,0.19,19.2,20,3,4,32.0,29.1,0.07,-8.0,-8.1,Lecce,Serie A,31,34.0,10465,13686,76.5,194787,74027,4382,5053,86.7,4562,5406,84.4,1302,2541,51.2,18,22.1,18.7,-4.1,291,755,206,89,963,Lecce,Serie A,31,34.0,13686,11989,1649,463,33,72,564,667,147,58,67,0,10465,48,277,Lecce,Serie A,31,34.0,708,20.82,505,64,35,43,43,18,42,1.24,32,3,0,4,3,0,Lecce,Serie A,31,34.0,594,352,300,235,59,282,542,52.0,260,370,134,236,264,858,891,25,Lecce,Serie A,31,44.1,34.0,17604,2318,6549,7624,3643,549,17600,493,208,42.2,231,46.9,8801,47927,23191,471,313,113,510,260,10340,954,Lecce,Serie A,31,26.8,34,3060,90,100,34.0,374,80,221,149,23,303,0.79,24,56,-32,-0.94,32.0,53.9,-21.9,-0.64,Lecce,Serie A,31,34.0,55,5,0,416,390,48,564,264,352,2,10,3,1351,595,574,50.9
Leganés,La Liga,26,28.6,41.8,33,363,2970,33.0,30,21,51,25,5,7,72,6,29.2,23.8,17.8,41.6,341,882,0.91,0.64,1.55,0.76,1.39,0.89,0.54,1.43,0.72,1.26,Leganés,La Liga,2,33,33,2970,33.0,49,1.48,150,104,72.0,6,12,15,9,27.3,8,7,0,1,0.0,Leganés,La Liga,2,33.0,49,7,1,7,3,50.9,0.3,4.9,0.15,198,776,25.5,757,113,64.6,43.9,323,88.9,64.6,636,46,7.2,41,1.24,8.4,Leganés,La Liga,26,33.0,30,273,86,31.5,8.27,2.61,0.09,0.29,19.8,15,5,7,29.2,23.8,0.09,0.8,1.2,Leganés,La Liga,26,33.0,9527,12733,74.8,172042,65531,4243,4860,87.3,4018,4781,84.0,1011,2406,42.0,21,17.8,17.4,3.2,184,647,159,39,882,Leganés,La Liga,26,33.0,12733,11161,1495,430,42,84,423,564,97,41,38,0,9527,77,218,Leganés,La Liga,26,33.0,478,14.48,313,46,35,30,39,15,57,1.73,38,3,5,3,6,2,Leganés,La Liga,26,33.0,551,335,275,215,61,254,508,50.0,254,383,140,243,297,848,1050,18,Leganés,La Liga,26,41.8,33.0,16585,2187,6284,7455,3021,373,16578,534,247,46.3,236,44.2,8334,40158,20027,341,304,76,493,257,9457,876,Leganés,La Liga,26,28.6,33,2970,90,100,33.0,363,81,216,143,21,220,0.91,30,49,-19,-0.58,29.2,53.0,-23.8,-0.72,Leganés,La Liga,26,33.0,72,6,0,443,402,77,423,297,335,7,8,3,1311,414,537,43.5
Leicester City,eng Premier League,30,27.3,45.4,34,374,3060,34.0,27,21,48,25,2,3,80,0,29.1,26.9,22.5,49.4,530,989,0.79,0.62,1.41,0.74,1.35,0.86,0.66,1.52,0.79,1.45,Leicester City,eng Premier League,3,34,34,3060,34.0,76,2.24,194,120,62.4,4,6,24,1,2.9,4,3,1,0,25.0,Leicester City,eng Premier League,3,34.0,76,3,0,4,3,70.1,0.35,-2.9,-0.08,172,608,28.3,1060,165,44.7,32.0,286,46.9,35.4,543,32,5.9,34,1.0,20.7,Leicester City,eng Premier League,30,34.0,27,296,92,31.1,8.71,2.71,0.08,0.27,17.5,6,2,3,29.1,26.9,0.09,-2.1,-1.9,Leicester City,eng Premier League,30,34.0,12593,15813,79.6,210895,75998,6089,6811,89.4,5194,5985,86.8,975,2137,45.6,21,22.5,22.6,-1.5,225,889,198,63,989,Leicester City,eng Premier League,30,34.0,15813,14235,1520,388,51,39,573,610,126,81,24,3,12593,58,287,Leicester City,eng Premier League,30,34.0,521,15.32,385,43,37,23,28,5,47,1.38,31,4,5,3,4,0,Leicester City,eng Premier League,30,34.0,661,387,333,249,79,301,631,47.7,330,450,173,277,294,955,883,28,Leicester City,eng Premier League,30,45.4,34.0,19655,2579,7179,8948,3718,573,19652,590,241,40.8,284,48.1,11165,56104,27718,530,335,127,451,298,12494,981,Leicester City,eng Premier League,30,27.3,34,3060,90,100,34.0,374,82,226,148,20,158,0.53,27,76,-49,-1.44,29.1,67.1,-38.0,-1.12,Leicester City,eng Premier League,30,34.0,80,0,0,366,338,58,573,294,387,3,4,3,1347,458,511,47.3
Lens,Ligue 1,33,27.9,54.8,31,341,2790,31.0,33,20,53,28,5,5,77,8,48.6,45.1,33.6,78.7,536,1369,1.06,0.65,1.71,0.9,1.55,1.57,1.08,2.65,1.45,2.54,Lens,Ligue 1,3,31,31,2790,31.0,37,1.19,128,90,77.3,13,6,12,12,38.7,9,8,1,0,11.1,Lens,Ligue 1,3,31.0,37,8,2,4,0,46.0,0.31,9.0,0.29,130,309,42.1,787,145,31.4,32.2,175,35.4,31.2,339,38,11.2,33,1.06,12.0,Lens,Ligue 1,33,31.0,33,449,138,30.7,14.48,4.45,0.06,0.2,16.6,7,5,5,48.6,45.1,0.1,-15.6,-17.1,Lens,Ligue 1,33,31.0,13666,16779,81.4,225602,80911,6761,7589,89.1,5337,6160,86.6,1124,1994,56.4,20,33.6,39.0,-13.6,337,1058,334,95,1369,Lens,Ligue 1,33,31.0,16779,15335,1362,361,56,70,680,580,178,83,67,0,13666,82,325,Lens,Ligue 1,33,31.0,801,25.84,600,67,42,59,22,11,53,1.71,37,2,5,6,2,1,Lens,Ligue 1,33,31.0,565,344,245,217,103,279,528,52.8,249,353,94,259,283,848,612,18,Lens,Ligue 1,33,54.8,31.0,20406,1711,5681,9365,5544,790,20401,554,235,42.4,283,51.1,11399,56669,28027,536,451,115,527,313,13563,1360,Lens,Ligue 1,33,27.9,31,2790,90,100,31.0,341,81,194,145,20,132,1.45,35,37,-2,-0.06,48.6,42.6,6.0,0.19,Lens,Ligue 1,33,31.0,77,8,3,461,326,82,680,283,344,2,9,0,1461,422,385,52.3
Leverkusen,Bundesliga,23,27.8,59.1,31,341,2790,31.0,64,48,112,62,2,5,54,1,53.2,49.1,39.3,88.4,636,1585,2.06,1.55,3.61,2.0,3.55,1.72,1.27,2.98,1.58,2.85,Leverkusen,Bundesliga,2,31,31,2790,31.0,35,1.13,120,88,73.3,19,10,2,9,29.0,3,3,0,0,0.0,Leverkusen,Bundesliga,2,31.0,35,3,1,2,3,33.3,0.26,1.3,0.04,127,310,41.0,758,116,32.6,31.4,199,31.7,29.1,316,13,4.1,42,1.35,17.0,Leverkusen,Bundesliga,23,31.0,64,469,166,35.4,15.13,5.35,0.13,0.37,16.8,12,2,5,53.2,49.1,0.11,10.8,12.9,Leverkusen,Bundesliga,23,31.0,16859,19840,85.0,276448,92260,8660,9413,92.0,6483,7331,88.4,1297,2177,59.6,48,39.3,48.5,8.7,362,1511,296,77,1585,Leverkusen,Bundesliga,23,31.0,19840,18370,1411,371,63,103,678,575,200,107,46,0,16859,59,289,Leverkusen,Bundesliga,23,31.0,853,27.52,625,70,51,66,30,11,112,3.61,80,8,7,13,3,1,Leverkusen,Bundesliga,23,31.0,356,233,138,145,73,164,322,50.9,158,267,65,202,213,569,600,21,Leverkusen,Bundesliga,23,59.1,31.0,23026,1697,5245,11219,6690,865,23021,537,233,43.4,270,50.3,12798,61849,32704,636,459,167,423,228,16707,1574,Leverkusen,Bundesliga,23,27.8,31,2790,90,100,31.0,341,83,219,123,18,153,2.16,66,35,31,1.0,53.2,31.1,22.1,0.71,Leverkusen,Bundesliga,23,31.0,54,1,1,289,322,59,678,213,233,4,3,3,1334,412,383,51.8
Lille,Ligue 1,27,26.8,57.4,31,341,2790,31.0,49,28,77,43,6,9,74,2,50.3,43.9,33.0,76.9,609,1470,1.58,0.9,2.48,1.39,2.29,1.62,1.06,2.69,1.42,2.48,Lille,Ligue 1,1,31,31,2790,31.0,32,1.03,114,83,75.4,16,8,7,11,35.5,4,4,0,0,0.0,Lille,Ligue 1,1,31.0,32,4,0,4,1,38.7,0.33,7.7,0.25,106,272,39.0,804,129,29.2,29.9,186,19.9,25.1,341,20,5.9,20,0.65,13.4,Lille,Ligue 1,27,31.0,49,381,147,38.6,12.29,4.74,0.11,0.29,16.5,13,6,9,50.3,43.9,0.12,-1.3,-0.9,Lille,Ligue 1,27,31.0,15283,17955,85.1,267188,85219,6665,7371,90.4,7036,7766,90.6,1248,1995,62.6,28,33.0,37.7,-5.0,291,1265,315,67,1470,Lille,Ligue 1,27,31.0,17955,16572,1342,394,37,92,476,551,149,44,61,1,15283,41,279,Lille,Ligue 1,27,31.0,694,22.39,528,54,33,44,28,7,80,2.58,49,4,4,13,8,2,Lille,Ligue 1,27,31.0,583,331,227,254,102,290,515,56.3,225,270,67,203,249,832,573,20,Lille,Ligue 1,27,57.4,31.0,21206,1759,5540,10387,5423,778,21197,562,273,48.6,263,46.8,12420,64431,34167,609,466,141,472,280,15144,1458,Lille,Ligue 1,27,26.8,31,2790,90,100,31.0,341,82,197,144,19,135,1.81,49,32,17,0.55,50.3,39.8,10.5,0.34,Lille,Ligue 1,27,31.0,74,2,1,376,356,41,476,249,331,7,4,1,1397,354,311,53.2
Liverpool,eng Premier League,24,28.0,57.8,34,374,3060,34.0,79,59,138,70,9,9,62,2,74.4,67.5,54.7,122.1,741,1711,2.32,1.74,4.06,2.06,3.79,2.19,1.61,3.8,1.98,3.59,Liverpool,eng Premier League,3,34,34,3060,34.0,32,0.94,109,77,70.6,25,7,2,14,41.2,1,0,1,0,100.0,Liverpool,eng Premier League,3,34.0,32,0,0,3,1,30.9,0.28,-0.1,0.0,90,284,31.7,942,147,25.2,26.5,204,23.0,25.1,340,16,4.7,52,1.53,15.7,Liverpool,eng Premier League,24,34.0,79,582,200,34.4,17.12,5.88,0.12,0.35,16.0,8,9,9,74.4,67.5,0.12,4.6,2.5,Liverpool,eng Premier League,24,34.0,16368,19473,84.1,278556,93682,7754,8463,91.6,6990,7897,88.5,1266,2273,55.7,59,54.7,48.3,4.3,462,1427,391,76,1711,Liverpool,eng Premier League,24,34.0,19473,17906,1512,400,60,120,654,613,229,134,63,1,16368,55,295,Liverpool,eng Premier League,24,34.0,1049,30.85,805,61,75,69,23,16,137,4.03,106,4,11,9,6,1,Liverpool,eng Premier League,24,34.0,589,363,249,246,94,314,597,52.6,283,325,83,242,271,860,655,25,Liverpool,eng Premier League,24,57.8,34.0,23185,2057,6342,10460,6586,1176,23176,594,276,46.5,268,45.1,13317,67521,36132,741,499,289,475,308,16193,1699,Liverpool,eng Premier League,24,28.0,34,3060,90,100,34.0,374,82,228,146,19,160,2.41,80,32,48,1.41,74.4,28.9,45.5,1.34,Liverpool,eng Premier League,24,34.0,62,2,1,391,320,55,654,271,363,6,1,1,1450,376,335,52.9
Lyon,Ligue 1,29,28.2,56.2,31,341,2790,31.0,59,44,103,52,7,9,53,0,54.9,47.9,40.2,88.1,605,1450,1.9,1.42,3.32,1.68,3.1,1.77,1.3,3.07,1.55,2.84,Lyon,Ligue 1,2,31,31,2790,31.0,42,1.35,155,113,74.8,16,6,9,9,29.0,3,3,0,0,0.0,Lyon,Ligue 1,2,31.0,42,3,1,5,0,46.6,0.29,4.6,0.15,96,303,31.7,802,172,30.4,27.5,203,29.1,29.5,392,24,6.1,29,0.94,7.0,Lyon,Ligue 1,29,31.0,59,387,162,41.9,12.48,5.23,0.13,0.32,16.0,5,7,9,54.9,47.9,0.13,4.1,4.1,Lyon,Ligue 1,29,31.0,14641,17370,84.3,241970,81541,7192,7914,90.9,6091,6785,89.8,1016,1820,55.8,44,40.2,46.8,3.8,311,1104,326,50,1450,Lyon,Ligue 1,29,31.0,17370,15934,1370,379,57,106,520,551,164,70,67,0,14641,66,318,Lyon,Ligue 1,29,31.0,711,22.94,563,45,29,48,22,4,108,3.48,85,2,7,9,5,0,Lyon,Ligue 1,29,31.0,529,315,239,207,83,286,553,51.7,267,322,103,219,263,792,639,25,Lyon,Ligue 1,29,56.2,31.0,20622,1999,6180,9508,5112,872,20613,498,214,43.0,257,51.6,12161,60498,32537,605,410,172,417,264,14497,1436,Lyon,Ligue 1,29,28.2,31,2790,90,100,31.0,341,83,209,133,18,146,1.74,62,42,20,0.65,54.9,43.4,11.5,0.37,Lyon,Ligue 1,29,31.0,53,0,0,371,320,66,520,263,315,5,3,0,1295,280,303,48.0
Mainz 05,Bundesliga,24,28.2,49.8,31,341,2790,31.0,46,33,79,43,3,3,68,5,44.1,41.8,34.3,76.2,421,1162,1.48,1.06,2.55,1.39,2.45,1.42,1.11,2.53,1.35,2.46,Mainz 05,Bundesliga,1,31,31,2790,31.0,39,1.26,138,98,73.9,13,8,10,9,29.0,4,3,1,0,25.0,Mainz 05,Bundesliga,1,31.0,39,3,2,8,0,43.3,0.3,4.3,0.14,171,551,31.0,902,130,48.4,38.5,231,49.4,41.8,520,45,8.7,57,1.84,13.9,Mainz 05,Bundesliga,24,31.0,46,364,127,34.9,11.74,4.1,0.12,0.34,16.5,8,3,3,44.1,41.8,0.12,1.9,1.2,Mainz 05,Bundesliga,24,31.0,11366,14951,76.0,201868,77772,5200,5989,86.8,4738,5677,83.5,1158,2412,48.0,33,34.3,40.7,-1.3,283,923,279,80,1162,Mainz 05,Bundesliga,24,31.0,14951,13434,1449,347,43,67,580,658,143,51,60,6,11366,68,337,Mainz 05,Bundesliga,24,31.0,643,20.74,490,57,28,34,25,9,79,2.55,64,1,0,9,4,1,Mainz 05,Bundesliga,24,31.0,515,300,213,223,79,215,414,51.9,199,384,123,261,319,834,879,21,Mainz 05,Bundesliga,24,49.8,31.0,18845,2042,6179,8331,4484,686,18842,461,200,43.4,233,50.5,9601,44731,20197,421,299,105,551,272,11288,1149,Mainz 05,Bundesliga,24,28.2,31,2790,90,100,31.0,341,83,211,130,18,148,1.52,48,39,9,0.29,44.1,44.7,-0.5,-0.02,Mainz 05,Bundesliga,24,31.0,68,5,3,378,298,68,580,319,300,2,4,0,1406,563,629,47.2
Mallorca,La Liga,28,29.5,46.1,33,363,2970,33.0,30,21,51,26,4,5,70,6,35.8,31.8,24.6,56.5,417,1015,0.91,0.64,1.55,0.79,1.42,1.08,0.75,1.83,0.97,1.71,Mallorca,La Liga,2,33,33,2970,33.0,38,1.15,128,91,72.7,12,8,13,8,24.2,3,3,0,0,0.0,Mallorca,La Liga,2,33.0,38,3,0,3,1,36.8,0.28,-0.2,-0.01,207,539,38.4,812,128,49.8,36.7,308,43.8,37.1,535,20,3.7,21,0.64,12.8,Mallorca,La Liga,28,33.0,30,341,97,28.4,10.33,2.94,0.08,0.27,16.1,6,4,5,35.8,31.8,0.09,-5.8,-5.8,Mallorca,La Liga,28,33.0,10661,13805,77.2,197384,77668,4683,5337,87.7,4478,5328,84.0,1285,2447,52.5,21,24.6,25.3,-3.6,252,808,212,99,1015,Mallorca,La Liga,28,33.0,13805,12142,1592,419,38,84,642,661,133,54,65,3,10661,71,257,Mallorca,La Liga,28,33.0,612,18.55,422,85,27,43,30,5,52,1.58,38,7,0,2,4,1,Mallorca,La Liga,28,33.0,522,322,269,191,62,230,430,53.5,200,330,128,202,296,818,970,12,Mallorca,La Liga,28,46.1,33.0,17627,2197,6124,7874,3816,568,17622,519,226,43.5,229,44.1,9197,48033,22436,417,344,78,492,336,10548,1003,Mallorca,La Liga,28,29.5,33,2970,90,100,33.0,363,82,202,155,17,228,1.33,31,38,-7,-0.21,35.8,37.2,-1.5,-0.04,Mallorca,La Liga,28,33.0,70,6,1,393,387,71,642,296,322,4,3,1,1321,587,535,52.3
Manchester City,eng Premier League,29,27.5,61.4,34,374,3060,34.0,65,47,112,63,2,3,58,1,61.2,58.7,49.2,107.9,1015,1710,1.91,1.38,3.29,1.85,3.24,1.8,1.45,3.24,1.73,3.17,Manchester City,eng Premier League,2,34,34,3060,34.0,43,1.26,123,82,68.3,18,7,9,10,29.4,4,4,0,0,0.0,Manchester City,eng Premier League,2,34.0,43,4,1,4,2,44.1,0.35,3.1,0.09,103,245,42.0,1075,143,19.8,26.7,170,18.8,23.8,323,17,5.3,54,1.59,14.3,Manchester City,eng Premier League,29,34.0,65,537,193,35.9,15.79,5.68,0.12,0.33,16.8,17,2,3,61.2,58.7,0.11,3.8,4.3,Manchester City,eng Premier League,29,34.0,19263,21833,88.2,312666,87972,9899,10663,92.8,7985,8700,91.8,1120,1793,62.5,47,49.2,48.0,-2.2,425,1495,385,57,1710,Manchester City,eng Premier League,29,34.0,21833,20388,1403,402,80,79,574,530,225,108,34,4,19263,42,299,Manchester City,eng Premier League,29,34.0,980,28.82,767,61,61,48,34,9,114,3.35,87,3,10,9,3,2,Manchester City,eng Premier League,29,34.0,444,271,167,194,83,190,403,47.1,213,302,80,222,200,644,558,30,Manchester City,eng Premier League,29,61.4,34.0,25093,1905,5869,10809,8621,1179,25090,720,345,47.9,270,37.5,16134,92605,49928,1015,761,351,418,357,19002,1689,Manchester City,eng Premier League,29,27.5,34,3060,90,100,34.0,374,85,261,113,16,189,1.79,66,43,23,0.68,61.2,44.8,16.3,0.48,Manchester City,eng Premier League,29,34.0,58,1,1,260,339,42,574,200,271,3,4,2,1302,275,294,48.3
Manchester Utd,eng Premier League,31,26.3,53.2,34,374,3060,34.0,37,25,62,34,3,3,76,3,45.7,43.4,34.4,77.8,612,1267,1.09,0.74,1.82,1.0,1.74,1.34,1.01,2.36,1.28,2.29,Manchester Utd,eng Premier League,2,34,34,3060,34.0,47,1.38,135,88,67.4,10,9,15,9,26.5,4,3,1,0,25.0,Manchester Utd,eng Premier League,2,34.0,47,3,1,10,1,47.0,0.33,1.0,0.03,114,443,25.7,1096,136,31.1,29.9,219,46.6,35.9,408,23,5.6,22,0.65,11.7,Manchester Utd,eng Premier League,31,34.0,37,461,148,32.1,13.56,4.35,0.07,0.23,17.2,14,3,3,45.7,43.4,0.1,-8.7,-9.4,Manchester Utd,eng Premier League,31,34.0,14980,18203,82.3,245878,79965,7388,8198,90.1,6039,6858,88.1,1094,2151,50.9,25,34.4,31.3,-9.4,354,1009,289,63,1267,Manchester Utd,eng Premier League,31,34.0,18203,16713,1428,368,83,98,561,580,180,92,40,10,14980,62,317,Manchester Utd,eng Premier League,31,34.0,825,24.26,625,69,34,52,31,14,60,1.76,37,4,4,6,5,4,Manchester Utd,eng Premier League,31,34.0,736,442,358,275,103,351,640,54.8,289,335,96,239,340,1076,683,22,Manchester Utd,eng Premier League,31,53.2,34.0,22065,2292,7735,9335,5199,851,22062,567,240,42.3,284,50.1,13452,66763,33693,612,427,205,453,325,14834,1253,Manchester Utd,eng Premier League,31,26.3,34,3060,90,100,34.0,374,81,230,142,22,163,1.15,39,47,-8,-0.24,45.7,48.2,-2.5,-0.07,Manchester Utd,eng Premier League,31,34.0,76,3,1,366,331,62,561,340,442,3,4,1,1546,433,439,49.7
Marseille,Ligue 1,32,27.5,63.9,31,341,2790,31.0,62,43,105,55,7,8,57,6,56.0,49.6,39.6,89.2,622,1576,2.0,1.39,3.39,1.77,3.16,1.81,1.28,3.08,1.6,2.88,Marseille,Ligue 1,1,31,31,2790,31.0,43,1.39,128,84,68.8,18,4,9,5,16.1,6,3,3,0,50.0,Marseille,Ligue 1,1,31.0,43,3,1,4,2,45.0,0.33,4.0,0.13,79,184,42.9,930,124,15.9,24.3,161,22.4,23.8,284,25,8.8,59,1.9,18.8,Marseille,Ligue 1,32,31.0,62,431,166,38.5,13.9,5.35,0.13,0.33,16.8,12,7,8,56.0,49.6,0.12,6.0,5.4,Marseille,Ligue 1,32,31.0,18921,21514,87.9,299236,93337,9502,10209,93.1,7938,8675,91.5,951,1622,58.6,43,39.6,39.5,3.4,342,1400,299,63,1576,Marseille,Ligue 1,32,31.0,21514,20131,1334,417,53,57,561,524,158,73,57,0,18921,49,302,Marseille,Ligue 1,32,31.0,788,25.42,589,63,46,57,22,11,114,3.68,88,3,6,8,7,2,Marseille,Ligue 1,32,31.0,504,321,222,207,75,246,432,56.9,186,252,65,187,253,757,484,29,Marseille,Ligue 1,32,63.9,31.0,24582,1757,6318,12648,5785,770,24574,553,255,46.1,271,49.0,14883,69902,36524,622,476,180,421,296,18728,1565,Marseille,Ligue 1,32,27.5,31,2790,90,100,31.0,341,81,203,136,21,142,1.87,66,43,23,0.74,56.0,42.6,13.4,0.43,Marseille,Ligue 1,32,31.0,57,6,4,366,341,49,561,253,321,5,6,2,1369,287,232,55.3
Milan,Serie A,34,26.4,54.1,34,374,3060,34.0,52,38,90,48,4,8,61,5,58.2,52.0,42.1,94.1,851,1464,1.53,1.12,2.65,1.41,2.53,1.71,1.24,2.95,1.53,2.77,Milan,Serie A,2,34,34,3060,34.0,38,1.12,126,90,70.6,15,9,10,12,35.3,2,1,1,0,50.0,Milan,Serie A,2,34.0,38,1,0,2,3,34.1,0.26,-0.9,-0.03,110,288,38.2,1169,159,19.2,27.8,253,25.3,30.5,406,24,5.9,69,2.03,25.5,Milan,Serie A,34,34.0,52,502,166,33.1,14.76,4.88,0.1,0.29,17.8,5,4,8,58.2,52.0,0.11,-6.2,-4.0,Milan,Serie A,34,34.0,14450,16978,85.1,256870,86191,6134,6787,90.4,6877,7594,90.6,1207,1988,60.7,38,42.1,35.3,-4.1,400,1102,305,72,1464,Milan,Serie A,34,34.0,16978,15430,1490,470,82,76,595,494,201,125,16,0,14450,58,221,Milan,Serie A,34,34.0,915,26.91,678,62,64,58,35,18,95,2.79,63,6,5,11,7,3,Milan,Serie A,34,34.0,504,319,222,207,75,220,435,50.6,215,260,89,171,210,714,610,20,Milan,Serie A,34,54.1,34.0,20342,1801,6330,9189,5037,873,20334,651,313,48.1,281,43.2,12402,72093,40134,851,588,250,456,254,14277,1452,Milan,Serie A,34,26.4,34,3060,90,100,34.0,374,81,226,146,22,250,1.59,53,38,15,0.44,58.2,38.7,19.5,0.57,Milan,Serie A,34,34.0,61,5,1,374,381,58,595,210,319,7,2,3,1261,392,353,52.6
Monaco,Ligue 1,28,25.1,55.6,31,341,2790,31.0,58,44,102,52,6,7,57,3,69.2,64.1,52.1,116.1,623,1537,1.87,1.42,3.29,1.68,3.1,2.23,1.68,3.91,2.07,3.75,Monaco,Ligue 1,2,31,31,2790,31.0,36,1.16,118,82,72.0,16,7,8,10,32.3,3,3,0,0,0.0,Monaco,Ligue 1,2,31.0,36,3,1,2,0,33.4,0.27,-2.6,-0.08,65,237,27.4,675,138,25.6,30.5,197,32.5,32.1,340,27,7.9,37,1.19,14.0,Monaco,Ligue 1,28,31.0,58,464,165,35.6,14.97,5.32,0.11,0.32,15.7,7,6,7,69.2,64.1,0.14,-11.2,-12.1,Monaco,Ligue 1,28,31.0,13392,16486,81.2,225438,83316,6350,7194,88.3,5694,6537,87.1,1037,1945,53.3,44,52.1,50.9,-8.1,368,1148,370,55,1537,Monaco,Ligue 1,28,31.0,16486,14972,1448,445,87,83,528,568,172,81,68,0,13392,66,266,Monaco,Ligue 1,28,31.0,819,26.42,624,62,36,54,26,17,98,3.16,72,6,4,10,4,2,Monaco,Ligue 1,28,31.0,619,395,261,265,93,316,585,54.0,269,312,60,252,326,945,596,18,Monaco,Ligue 1,28,55.6,31.0,20120,1577,5155,9979,5186,905,20113,565,244,43.2,277,49.0,11634,60983,31894,623,494,170,554,309,13284,1529,Monaco,Ligue 1,28,25.1,31,2790,90,100,31.0,341,82,201,138,19,140,1.77,58,36,22,0.71,69.2,32.1,37.1,1.2,Monaco,Ligue 1,28,31.0,57,3,2,425,399,66,528,326,395,3,3,0,1612,396,399,49.8
Montpellier,Ligue 1,35,27.1,45.7,30,330,2790,31.0,22,12,34,19,3,4,82,7,31.6,28.5,21.5,50.1,484,960,0.71,0.39,1.1,0.61,1.0,1.02,0.69,1.71,0.92,1.62,Montpellier,Ligue 1,2,30,30,2700,31.0,69,2.3,170,103,62.9,4,4,22,1,3.3,7,6,1,0,14.3,Montpellier,Ligue 1,2,31.0,69,6,0,4,3,58.8,0.31,-7.2,-0.23,190,477,39.8,789,122,45.9,36.4,248,46.4,37.1,429,28,6.5,27,0.9,14.3,Montpellier,Ligue 1,35,31.0,22,334,103,30.8,10.77,3.32,0.06,0.18,19.5,20,3,4,31.6,28.5,0.09,-9.6,-9.5,Montpellier,Ligue 1,35,31.0,10338,13108,78.9,192368,69836,4316,4957,87.1,4452,5175,86.0,1294,2270,57.0,12,21.5,22.1,-9.5,238,809,156,70,960,Montpellier,Ligue 1,35,31.0,13108,11608,1439,421,42,104,592,531,142,50,74,0,10338,61,250,Montpellier,Ligue 1,35,31.0,570,18.39,401,53,27,31,41,17,37,1.19,22,4,4,3,4,0,Montpellier,Ligue 1,35,31.0,568,339,270,237,61,279,545,51.2,266,325,111,214,241,809,672,22,Montpellier,Ligue 1,35,45.7,31.0,16464,1881,5399,7519,3724,502,16460,549,241,43.9,266,48.5,8761,49765,24578,484,328,124,427,267,10251,952,Montpellier,Ligue 1,35,27.1,30,2790,93,100,31.0,330,81,190,136,22,135,0.53,22,69,-47,-1.52,31.6,58.0,-26.4,-0.85,Montpellier,Ligue 1,35,31.0,82,7,2,382,394,61,592,241,339,3,7,3,1233,361,407,47.0
Monza,Serie A,35,27.6,48.2,34,374,3060,34.0,24,16,40,21,3,3,85,3,26.1,23.9,18.2,42.2,474,987,0.71,0.47,1.18,0.62,1.09,0.77,0.54,1.3,0.7,1.24,Monza,Serie A,2,34,34,3060,34.0,59,1.74,163,104,65.0,2,9,23,3,8.8,4,2,2,0,50.0,Monza,Serie A,2,34.0,59,2,1,8,2,53.5,0.31,-3.5,-0.1,203,496,40.9,928,138,43.4,33.7,287,32.4,29.1,474,22,4.6,30,0.88,13.3,Monza,Serie A,35,34.0,24,296,84,28.4,8.71,2.47,0.07,0.25,18.3,15,3,3,26.1,23.9,0.08,-2.1,-2.9,Monza,Serie A,35,34.0,12492,15465,80.8,228134,77992,5164,5828,88.6,5785,6591,87.8,1299,2325,55.9,16,18.2,16.5,-2.2,218,794,179,66,987,Monza,Serie A,35,34.0,15465,13828,1596,519,26,73,615,573,125,37,72,0,12492,41,263,Monza,Serie A,35,34.0,523,15.38,389,52,21,28,29,4,39,1.15,31,3,1,4,0,0,Monza,Serie A,35,34.0,510,286,269,188,53,248,457,54.3,209,351,145,206,274,784,758,32,Monza,Serie A,35,48.2,34.0,18900,2491,7230,8154,3677,434,18897,464,199,42.9,210,45.3,11343,57416,27719,474,368,79,467,305,12377,973,Monza,Serie A,35,27.6,34,3060,90,100,34.0,374,82,219,152,20,275,0.44,25,59,-34,-1.0,26.1,48.0,-21.9,-0.64,Monza,Serie A,35,34.0,85,3,2,478,479,41,615,274,286,0,4,2,1181,528,562,48.4
Nantes,Ligue 1,30,27.4,39.7,31,341,2790,31.0,35,25,60,31,4,4,65,4,35.5,32.4,25.4,57.8,445,969,1.13,0.81,1.94,1.0,1.81,1.14,0.82,1.96,1.04,1.87,Nantes,Ligue 1,3,31,31,2790,31.0,50,1.61,143,96,69.9,7,11,13,5,16.1,8,7,0,1,0.0,Nantes,Ligue 1,3,31.0,50,7,0,4,3,49.8,0.31,2.8,0.09,141,442,31.9,737,128,41.9,37.5,217,61.3,42.7,549,30,5.5,15,0.48,11.3,Nantes,Ligue 1,30,31.0,35,313,110,35.1,10.1,3.55,0.1,0.28,15.7,3,4,4,35.5,32.4,0.11,-0.5,-1.4,Nantes,Ligue 1,30,31.0,9776,12480,78.3,176169,68296,4229,4800,88.1,4330,4995,86.7,997,2028,49.2,25,25.4,23.9,-0.4,234,805,194,77,969,Nantes,Ligue 1,30,31.0,12480,11023,1428,397,26,38,555,605,129,61,54,0,9776,29,263,Nantes,Ligue 1,30,31.0,558,18.0,400,53,43,32,20,10,58,1.87,42,1,8,5,2,0,Nantes,Ligue 1,30,31.0,586,336,303,204,79,297,530,56.0,233,368,106,262,256,842,932,10,Nantes,Ligue 1,30,39.7,31.0,16088,1985,5524,7254,3467,583,16084,478,205,42.9,254,53.1,8549,43672,21398,445,309,129,443,262,9718,961,Nantes,Ligue 1,30,27.4,31,2790,90,100,31.0,341,83,200,141,15,138,1.03,35,50,-15,-0.48,35.5,53.2,-17.8,-0.57,Nantes,Ligue 1,30,31.0,65,4,0,371,351,29,555,256,336,2,8,3,1183,375,412,47.6
Napoli,Serie A,27,29.4,53.6,34,374,3060,34.0,51,38,89,47,4,5,42,0,47.9,44.1,35.3,79.4,658,1389,1.5,1.12,2.62,1.38,2.5,1.41,1.04,2.45,1.3,2.34,Napoli,Serie A,3,34,34,3060,34.0,25,0.74,88,62,72.7,22,8,4,16,47.1,4,1,2,1,66.7,Napoli,Serie A,3,34.0,25,1,1,0,1,27.0,0.28,3.0,0.09,89,226,39.4,937,113,17.9,27.8,241,24.1,28.9,397,24,6.0,47,1.38,16.4,Napoli,Serie A,27,34.0,51,444,130,29.3,13.06,3.82,0.11,0.36,16.4,9,4,5,47.9,44.1,0.1,3.1,2.9,Napoli,Serie A,27,34.0,14927,17730,84.2,263904,86883,6509,7213,90.2,6722,7483,89.8,1382,2189,63.1,38,35.3,32.4,2.7,350,1108,281,66,1389,Napoli,Serie A,27,34.0,17730,16121,1560,433,42,83,610,638,189,120,43,2,14927,49,316,Napoli,Serie A,27,34.0,788,23.18,599,66,33,55,24,11,90,2.65,68,4,5,6,6,1,Napoli,Serie A,27,34.0,492,299,222,215,55,239,435,54.9,196,293,92,201,245,737,728,10,Napoli,Serie A,27,53.6,34.0,21220,2016,6582,10019,4788,774,21215,550,216,39.3,267,48.5,11759,61725,31507,658,403,182,418,297,14799,1377,Napoli,Serie A,27,29.4,34,3060,90,100,34.0,374,85,233,141,13,243,2.18,54,25,29,0.85,47.9,28.2,19.8,0.58,Napoli,Serie A,27,34.0,42,0,0,369,396,49,610,245,299,4,4,1,1292,473,402,54.1
Newcastle Utd,eng Premier League,24,28.1,51.1,34,374,3060,34.0,63,48,111,59,4,5,59,1,57.8,54.2,42.2,96.4,669,1407,1.85,1.41,3.26,1.74,3.15,1.7,1.24,2.94,1.59,2.84,Newcastle Utd,eng Premier League,2,34,34,3060,34.0,44,1.29,146,103,70.5,19,5,10,12,35.3,2,1,1,0,50.0,Newcastle Utd,eng Premier League,2,34.0,44,1,0,4,2,43.8,0.29,1.8,0.05,82,310,26.5,775,214,23.2,25.2,225,57.8,44.3,442,46,10.4,62,1.82,15.3,Newcastle Utd,eng Premier League,24,34.0,63,461,142,30.8,13.56,4.18,0.13,0.42,16.0,10,4,5,57.8,54.2,0.12,5.2,4.8,Newcastle Utd,eng Premier League,24,34.0,13801,16944,81.5,232452,81502,6686,7470,89.5,5786,6595,87.7,1045,2049,51.0,48,42.2,38.0,5.8,357,1016,344,65,1407,Newcastle Utd,eng Premier League,24,34.0,16944,15319,1555,440,72,80,616,620,192,109,18,14,13801,70,322,Newcastle Utd,eng Premier League,24,34.0,831,24.44,635,60,38,42,33,23,110,3.24,91,6,3,4,4,2,Newcastle Utd,eng Premier League,24,34.0,548,335,250,211,87,281,540,52.0,259,385,129,256,249,797,775,30,Newcastle Utd,eng Premier League,24,51.1,34.0,20674,2070,6775,8659,5441,959,20669,608,265,43.6,270,44.4,11783,63284,32045,669,410,240,428,406,13699,1398,Newcastle Utd,eng Premier League,24,28.1,34,3060,90,100,34.0,374,83,226,147,18,159,1.82,65,44,21,0.62,57.8,42.4,15.4,0.45,Newcastle Utd,eng Premier League,24,34.0,59,1,0,354,405,70,616,249,335,4,2,2,1497,425,409,51.0
Nice,Ligue 1,31,27.2,47.3,31,341,2790,31.0,55,39,94,50,5,5,56,5,54.2,50.3,38.7,89.0,642,1201,1.77,1.26,3.03,1.61,2.87,1.75,1.25,3.0,1.62,2.87,Nice,Ligue 1,1,31,31,2790,31.0,39,1.26,153,114,75.8,15,9,7,6,19.4,3,2,1,0,33.3,Nice,Ligue 1,1,31.0,39,2,0,4,1,41.3,0.26,3.3,0.11,107,253,42.3,808,162,24.5,28.5,210,26.2,25.7,437,34,7.8,30,0.97,12.6,Nice,Ligue 1,31,31.0,55,447,167,37.4,14.42,5.39,0.11,0.3,16.3,14,5,5,54.2,50.3,0.12,0.8,-0.3,Nice,Ligue 1,31,31.0,11989,14669,81.7,201360,75778,5846,6525,89.6,4986,5736,86.9,916,1728,53.0,39,38.7,37.7,0.3,330,873,300,61,1201,Nice,Ligue 1,31,31.0,14669,13291,1330,401,81,56,548,494,155,55,66,0,11989,48,272,Nice,Ligue 1,31,31.0,792,25.55,576,59,45,56,37,19,93,3.0,66,8,4,7,7,1,Nice,Ligue 1,31,31.0,591,374,280,224,87,285,501,56.9,216,386,116,270,334,925,734,30,Nice,Ligue 1,31,47.3,31.0,18479,2000,6005,8417,4277,772,18474,638,271,42.5,322,50.5,9872,52596,29795,642,377,156,490,285,11883,1194,Nice,Ligue 1,31,27.2,31,2790,90,100,31.0,341,83,195,142,16,137,1.74,59,39,20,0.65,54.2,36.4,17.8,0.57,Nice,Ligue 1,31,31.0,56,5,2,351,381,48,548,334,374,4,3,1,1479,389,366,51.5
Nott'ham Forest,eng Premier League,23,26.9,39.8,33,363,2970,33.0,52,38,90,49,3,3,71,2,39.5,37.1,29.1,66.2,544,936,1.58,1.15,2.73,1.48,2.64,1.2,0.88,2.08,1.13,2.01,Nott'ham Forest,eng Premier League,1,33,33,2970,33.0,39,1.18,146,107,74.7,18,6,9,13,39.4,2,2,0,0,0.0,Nott'ham Forest,eng Premier League,1,33.0,39,2,1,4,0,42.2,0.28,3.2,0.1,220,636,34.6,576,73,76.6,45.8,292,66.8,47.8,629,17,2.7,6,0.18,7.7,Nott'ham Forest,eng Premier League,23,33.0,52,399,142,35.6,12.09,4.3,0.12,0.35,17.7,12,3,3,39.5,37.1,0.1,12.5,11.9,Nott'ham Forest,eng Premier League,23,33.0,9088,12145,74.8,155343,63333,4540,5193,87.4,3317,4136,80.2,878,2015,43.6,38,29.1,25.7,8.9,293,799,201,50,936,Nott'ham Forest,eng Premier League,23,33.0,12145,10677,1390,381,49,49,496,512,133,63,60,0,9088,78,244,Nott'ham Forest,eng Premier League,23,33.0,693,21.0,501,62,33,49,31,17,83,2.52,56,8,3,7,6,3,Nott'ham Forest,eng Premier League,23,33.0,613,373,366,189,58,299,583,51.3,284,382,141,241,280,893,1044,20,Nott'ham Forest,eng Premier League,23,39.8,33.0,16182,2186,5607,6439,4343,667,16179,531,241,45.4,209,39.4,7374,42596,22725,544,346,162,493,276,9014,930,Nott'ham Forest,eng Premier League,23,26.9,33,2970,90,100,33.0,363,82,213,148,19,148,1.82,53,39,14,0.42,39.5,42.1,-2.6,-0.08,Nott'ham Forest,eng Premier League,23,33.0,71,2,2,348,362,78,496,280,373,3,2,0,1363,494,482,50.6
Osasuna,La Liga,25,28.2,46.0,33,363,2970,33.0,38,21,59,30,8,8,81,0,37.4,31.8,24.2,56.0,486,1046,1.15,0.64,1.79,0.91,1.55,1.13,0.73,1.87,0.96,1.7,Osasuna,La Liga,2,33,33,2970,33.0,46,1.39,161,116,75.2,10,14,9,7,21.2,6,6,0,0,0.0,Osasuna,La Liga,2,33.0,46,6,1,4,1,50.4,0.28,5.4,0.16,253,561,45.1,862,122,44.5,44.4,259,68.3,48.7,465,33,7.1,75,2.27,10.6,Osasuna,La Liga,25,33.0,38,339,104,30.7,10.27,3.15,0.09,0.29,16.9,8,8,8,37.4,31.8,0.1,0.6,-1.8,Osasuna,La Liga,25,33.0,10537,13905,75.8,198672,79960,4359,5085,85.7,4680,5627,83.2,1269,2452,51.8,21,24.2,28.4,-3.2,244,827,214,101,1046,Osasuna,La Liga,25,33.0,13905,12224,1623,426,25,106,684,719,140,56,36,2,10537,58,304,Osasuna,La Liga,25,33.0,595,18.03,421,71,34,31,34,4,67,2.03,40,4,4,6,12,1,Osasuna,La Liga,25,33.0,546,325,264,215,67,277,551,50.3,274,354,93,261,232,778,779,15,Osasuna,La Liga,25,46.0,33.0,17404,1958,5522,7830,4221,621,17396,512,222,43.4,244,47.7,9072,46865,23194,486,376,112,472,239,10418,1030,Osasuna,La Liga,25,28.2,33,2970,90,100,33.0,363,82,209,157,18,225,1.33,40,46,-6,-0.18,37.4,47.0,-9.6,-0.29,Osasuna,La Liga,25,33.0,81,0,0,449,331,58,684,232,325,8,6,1,1285,546,449,54.9
Paris S-G,Ligue 1,25,24.5,68.2,31,341,2790,31.0,81,62,143,76,5,5,33,0,82.3,78.4,66.3,144.7,862,1941,2.61,2.0,4.61,2.45,4.45,2.66,2.14,4.79,2.53,4.67,Paris S-G,Ligue 1,2,31,31,2790,31.0,31,1.0,95,64,70.5,24,6,1,7,22.6,3,3,0,0,0.0,Paris S-G,Ligue 1,2,31.0,31,3,1,6,0,28.2,0.28,-2.8,-0.09,65,176,36.9,750,131,18.1,25.2,148,27.0,26.5,273,15,5.5,28,0.9,13.6,Paris S-G,Ligue 1,25,31.0,81,579,253,43.7,18.68,8.16,0.13,0.3,16.1,11,5,5,82.3,78.4,0.14,-1.3,-2.4,Paris S-G,Ligue 1,25,31.0,21310,23748,89.7,353316,100892,10075,10754,93.7,9224,9884,93.3,1505,2109,71.4,62,66.3,56.9,-4.3,481,1710,412,67,1941,Paris S-G,Ligue 1,25,31.0,23748,22374,1324,371,90,164,524,538,205,58,67,1,21310,50,287,Paris S-G,Ligue 1,25,31.0,1062,34.26,849,55,59,55,23,21,144,4.65,115,2,10,10,5,2,Paris S-G,Ligue 1,25,31.0,573,355,228,249,96,298,559,53.3,261,334,94,240,242,815,458,18,Paris S-G,Ligue 1,25,68.2,31.0,27170,1853,6198,13498,7650,1123,27165,738,330,44.7,363,49.2,16630,84010,45356,862,634,323,436,297,21195,1934,Paris S-G,Ligue 1,25,24.5,31,2790,90,100,31.0,341,81,207,134,23,142,2.52,84,31,53,1.71,82.3,29.2,53.1,1.71,Paris S-G,Ligue 1,25,31.0,33,0,0,273,301,50,524,242,355,4,3,0,1510,239,198,54.7
Parma,Serie A,32,24.6,44.4,34,374,3060,34.0,39,28,67,33,6,7,72,5,38.1,32.6,25.3,57.9,536,964,1.15,0.82,1.97,0.97,1.79,1.12,0.74,1.86,0.96,1.7,Parma,Serie A,2,34,34,2970,34.0,53,1.61,144,93,66.7,6,14,14,6,17.6,5,5,0,0,0.0,Parma,Serie A,2,34.0,53,5,3,5,2,49.6,0.32,-1.4,-0.04,166,594,27.9,1099,181,42.9,33.9,294,41.8,37.6,592,65,11.0,32,0.97,16.3,Parma,Serie A,32,34.0,39,378,122,32.3,11.12,3.59,0.09,0.27,19.6,18,6,7,38.1,32.6,0.09,0.9,0.4,Parma,Serie A,32,34.0,11451,14360,79.7,205715,76241,4880,5559,87.8,5136,5901,87.0,1124,2183,51.5,28,25.3,20.7,2.7,286,806,197,55,964,Parma,Serie A,32,34.0,14360,12756,1574,506,39,66,378,532,154,50,24,1,11451,30,221,Parma,Serie A,32,34.0,680,20.0,505,51,43,31,37,13,67,1.97,44,5,7,6,4,1,Parma,Serie A,32,34.0,455,251,231,176,48,212,424,50.0,212,392,135,257,256,711,866,17,Parma,Serie A,32,44.4,34.0,18031,2464,6460,7690,4084,580,18024,539,225,41.7,256,47.5,10445,53924,27659,536,391,151,490,266,11305,954,Parma,Serie A,32,24.6,34,3060,90,100,34.0,374,78,209,167,26,248,0.94,40,53,-13,-0.38,38.1,53.5,-15.4,-0.45,Parma,Serie A,32,34.0,72,5,2,353,403,30,378,256,251,5,5,2,1218,420,436,49.1
Rayo Vallecano,La Liga,26,29.9,51.5,33,363,2970,33.0,32,24,56,32,0,1,84,3,38.5,37.6,30.7,68.3,514,1191,0.97,0.73,1.7,0.97,1.7,1.17,0.93,2.09,1.14,2.07,Rayo Vallecano,La Liga,2,33,33,2970,33.0,42,1.27,139,96,72.7,10,11,12,7,21.2,6,4,2,0,33.3,Rayo Vallecano,La Liga,2,33.0,42,4,0,6,1,40.5,0.26,-0.5,-0.01,183,552,33.2,894,129,46.5,38.1,277,49.1,41.4,468,29,6.2,31,0.94,14.1,Rayo Vallecano,La Liga,26,33.0,32,431,133,30.9,13.06,4.03,0.07,0.24,19.3,21,0,1,38.5,37.6,0.09,-6.5,-5.6,Rayo Vallecano,La Liga,26,33.0,12155,15553,78.2,215937,82897,5606,6356,88.2,5094,5934,85.8,1214,2510,48.4,24,30.7,26.7,-6.7,312,957,207,74,1191,Rayo Vallecano,La Liga,26,33.0,15553,13852,1635,370,39,97,678,749,164,86,52,0,12155,66,337,Rayo Vallecano,La Liga,26,33.0,740,22.42,547,66,40,44,35,8,50,1.52,35,3,6,5,0,1,Rayo Vallecano,La Liga,26,33.0,562,348,294,196,72,276,581,47.5,305,380,104,276,290,852,821,20,Rayo Vallecano,La Liga,26,51.5,33.0,19411,2225,6758,8066,4773,602,19410,550,246,44.7,257,46.7,10512,51275,25568,514,383,125,529,290,12068,1177,Rayo Vallecano,La Liga,26,29.9,33,2970,90,100,33.0,363,79,196,164,23,222,1.24,35,42,-7,-0.21,38.5,43.2,-4.8,-0.14,Rayo Vallecano,La Liga,26,33.0,84,3,0,467,334,66,678,290,348,1,6,1,1490,398,451,46.9
RB Leipzig,Bundesliga,29,26.2,53.0,31,341,2790,31.0,46,32,78,43,3,4,61,5,42.6,39.4,32.6,72.0,463,1236,1.48,1.03,2.52,1.39,2.42,1.37,1.05,2.42,1.27,2.32,RB Leipzig,Bundesliga,2,31,31,2790,31.0,42,1.35,140,97,71.4,13,10,8,13,41.9,3,2,1,0,33.3,RB Leipzig,Bundesliga,2,31.0,42,2,1,6,0,43.7,0.3,1.7,0.05,83,224,37.1,749,155,20.3,28.6,219,32.9,33.7,463,28,6.0,38,1.23,14.8,RB Leipzig,Bundesliga,29,31.0,46,373,129,34.6,12.03,4.16,0.12,0.33,16.6,8,3,4,42.6,39.4,0.11,3.4,3.6,RB Leipzig,Bundesliga,29,31.0,13591,16833,80.7,229292,83842,6300,7173,87.8,5983,6939,86.2,996,1831,54.4,32,32.6,37.1,-0.6,291,1052,280,51,1236,RB Leipzig,Bundesliga,29,31.0,16833,15364,1392,370,76,43,531,580,150,56,61,1,13591,77,335,RB Leipzig,Bundesliga,29,31.0,664,21.42,498,58,34,33,30,11,77,2.48,55,3,4,10,4,1,RB Leipzig,Bundesliga,29,31.0,502,306,231,206,65,235,474,49.6,239,453,139,314,255,757,898,24,RB Leipzig,Bundesliga,29,53.0,31.0,20682,2036,6208,10191,4478,699,20678,535,240,44.9,239,44.7,10484,49994,25449,463,359,121,473,293,13520,1229,RB Leipzig,Bundesliga,29,26.2,31,2790,90,100,31.0,341,81,191,145,21,128,1.58,48,42,6,0.19,42.6,47.1,-4.5,-0.15,RB Leipzig,Bundesliga,29,31.0,61,5,2,345,312,77,531,255,306,4,3,0,1418,449,400,52.9
Real Madrid,La Liga,27,27.5,60.8,33,363,2970,33.0,66,45,111,57,9,12,51,4,63.2,54.1,45.1,99.2,849,1706,2.0,1.36,3.36,1.73,3.09,1.92,1.37,3.28,1.64,3.01,Real Madrid,La Liga,3,33,33,2970,33.0,31,0.94,107,77,73.8,22,6,5,13,39.4,3,3,0,0,0.0,Real Madrid,La Liga,3,33.0,31,3,0,5,1,29.2,0.27,-0.8,-0.03,69,224,30.8,879,181,19.1,27.8,243,23.0,28.5,381,16,4.2,24,0.73,11.0,Real Madrid,La Liga,27,33.0,66,526,194,36.9,15.94,5.88,0.11,0.29,17.9,14,9,12,63.2,54.1,0.1,2.8,2.9,Real Madrid,La Liga,27,33.0,18668,21172,88.2,313833,97058,9048,9686,93.4,7632,8266,92.3,1519,2288,66.4,45,45.1,44.5,-0.1,421,1542,300,26,1706,Real Madrid,La Liga,27,33.0,21172,19550,1547,491,69,202,476,557,193,81,60,1,18668,75,274,Real Madrid,La Liga,27,33.0,978,29.64,716,71,83,59,36,13,115,3.48,81,7,10,9,7,1,Real Madrid,La Liga,27,33.0,506,315,256,178,72,231,422,54.7,191,304,90,214,295,801,563,14,Real Madrid,La Liga,27,60.8,33.0,24684,2142,6880,11284,6741,1005,24672,787,368,46.8,342,43.5,15587,81944,44320,849,591,318,458,245,18551,1695,Real Madrid,La Liga,27,27.5,33,2970,90,100,33.0,363,83,232,127,18,186,2.18,66,31,35,1.06,63.2,34.9,28.3,0.86,Real Madrid,La Liga,27,33.0,51,4,0,292,464,75,476,295,315,10,3,1,1335,297,235,55.8
Real Sociedad,La Liga,31,25.9,54.3,33,363,2970,33.0,31,20,51,28,3,3,79,4,36.4,34.1,27.3,61.4,571,1173,0.94,0.61,1.55,0.85,1.45,1.1,0.83,1.93,1.03,1.86,Real Sociedad,La Liga,2,33,33,2970,33.0,37,1.12,119,81,73.1,12,6,15,12,36.4,6,5,1,0,16.7,Real Sociedad,La Liga,2,33.0,37,5,0,5,0,32.6,0.24,-4.4,-0.13,167,446,37.4,900,101,33.6,33.3,246,58.5,46.0,424,26,6.1,36,1.09,13.8,Real Sociedad,La Liga,31,33.0,31,329,107,32.5,9.97,3.24,0.09,0.26,17.9,10,3,3,36.4,34.1,0.1,-5.4,-6.1,Real Sociedad,La Liga,31,33.0,12791,16228,78.8,225384,78492,5852,6616,88.5,5374,6328,84.9,1255,2380,52.7,20,27.3,27.1,-7.3,247,949,214,55,1173,Real Sociedad,La Liga,31,33.0,16228,14465,1691,455,29,133,633,741,179,58,83,0,12791,72,319,Real Sociedad,La Liga,31,33.0,584,17.7,431,61,29,27,27,9,54,1.64,40,4,5,1,4,0,Real Sociedad,La Liga,31,33.0,574,361,271,219,84,277,515,53.8,238,384,113,271,239,813,813,18,Real Sociedad,La Liga,31,54.3,33.0,19964,1999,6220,9351,4564,649,19961,562,240,42.7,269,47.9,10779,58080,29648,571,351,141,522,258,12643,1157,Real Sociedad,La Liga,31,25.9,33,2970,90,100,33.0,363,79,202,157,25,232,1.27,32,37,-5,-0.15,36.4,36.3,0.1,0.0,Real Sociedad,La Liga,31,33.0,79,4,0,436,376,72,633,239,361,2,6,0,1376,517,569,47.6
Reims,Ligue 1,34,25.4,44.6,31,341,2790,31.0,31,18,49,30,1,2,62,6,34.2,32.6,23.5,56.2,544,1065,1.0,0.58,1.58,0.97,1.55,1.1,0.76,1.86,1.05,1.81,Reims,Ligue 1,1,31,31,2790,31.0,42,1.35,168,125,76.8,8,9,14,7,22.6,4,3,1,0,25.0,Reims,Ligue 1,1,31.0,42,3,1,7,0,57.6,0.33,15.6,0.5,138,438,31.5,864,145,36.0,33.1,268,47.4,36.7,517,30,5.8,34,1.1,13.9,Reims,Ligue 1,34,31.0,31,353,103,29.2,11.39,3.32,0.08,0.29,17.6,8,1,2,34.2,32.6,0.09,-3.2,-2.6,Reims,Ligue 1,34,31.0,10760,13446,80.0,187312,69532,4929,5554,88.7,4509,5189,86.9,1005,1962,51.2,18,23.5,26.0,-5.5,247,788,203,70,1065,Reims,Ligue 1,34,31.0,13446,12019,1376,393,35,83,555,518,124,52,52,0,10760,51,233,Reims,Ligue 1,34,31.0,617,19.9,457,47,34,41,24,14,55,1.77,41,3,4,7,0,0,Reims,Ligue 1,34,31.0,509,328,289,155,65,260,508,51.2,248,355,130,225,266,775,857,17,Reims,Ligue 1,34,44.6,31.0,17120,2259,6444,7077,3814,584,17118,582,260,44.7,284,48.8,9188,54576,28367,544,389,131,530,276,10649,1050,Reims,Ligue 1,34,25.4,31,2790,90,100,31.0,341,82,205,133,19,148,1.06,32,42,-10,-0.32,34.2,53.2,-19.0,-0.61,Reims,Ligue 1,34,31.0,62,6,2,351,338,51,555,266,328,1,4,0,1278,329,388,45.9
Rennes,Ligue 1,35,25.9,50.9,31,341,2790,31.0,46,27,73,41,5,8,61,2,44.2,38.3,25.6,63.9,603,1332,1.48,0.87,2.35,1.32,2.19,1.43,0.82,2.25,1.24,2.06,Rennes,Ligue 1,3,31,31,2790,31.0,44,1.42,119,75,64.7,12,2,17,10,32.3,4,2,2,0,50.0,Rennes,Ligue 1,3,31.0,44,2,1,6,2,38.3,0.3,-3.7,-0.12,110,330,33.3,866,125,29.9,32.8,195,36.4,32.3,367,20,5.4,29,0.94,15.7,Rennes,Ligue 1,35,31.0,46,389,142,36.5,12.55,4.58,0.11,0.29,17.3,7,5,8,44.2,38.3,0.1,1.8,2.7,Rennes,Ligue 1,35,31.0,12730,15498,82.1,223928,77598,5547,6248,88.8,5732,6527,87.8,1143,1955,58.5,27,25.6,28.6,1.4,292,993,248,60,1332,Rennes,Ligue 1,35,31.0,15498,13998,1456,444,34,103,533,584,159,81,45,0,12730,44,285,Rennes,Ligue 1,35,31.0,696,22.45,506,70,33,46,28,13,74,2.39,48,5,6,8,5,2,Rennes,Ligue 1,35,31.0,542,324,254,210,78,270,469,57.6,199,325,92,233,322,864,675,10,Rennes,Ligue 1,35,50.9,31.0,18964,1777,5622,8908,4598,709,18956,595,247,41.5,306,51.4,10376,55632,28701,603,393,168,467,313,12612,1314,Rennes,Ligue 1,35,25.9,31,2790,90,100,31.0,341,82,205,134,20,145,1.23,46,44,2,0.06,44.2,40.3,3.8,0.12,Rennes,Ligue 1,35,31.0,61,2,0,413,357,44,533,322,324,4,4,2,1332,418,363,53.5
Roma,Serie A,28,27.3,54.6,34,374,3060,34.0,48,30,78,41,7,7,60,1,48.6,43.1,32.5,75.7,616,1338,1.41,0.88,2.29,1.21,2.09,1.43,0.96,2.39,1.27,2.23,Roma,Serie A,1,34,34,3060,34.0,32,0.94,136,105,79.4,17,9,8,14,41.2,4,4,0,0,0.0,Roma,Serie A,1,34.0,32,4,0,4,1,38.7,0.26,7.7,0.23,107,355,30.1,1052,148,24.9,30.1,227,41.0,36.0,435,29,6.7,29,0.85,13.5,Roma,Serie A,28,34.0,48,463,145,31.3,13.62,4.26,0.09,0.28,17.9,14,7,7,48.6,43.1,0.1,-0.6,-2.1,Roma,Serie A,28,34.0,15354,18299,83.9,267609,85704,6758,7466,90.5,6918,7702,89.8,1306,2321,56.3,30,32.5,29.9,-2.5,353,1125,285,73,1338,Roma,Serie A,28,34.0,18299,16696,1546,470,43,81,574,633,151,65,60,2,15354,57,261,Roma,Serie A,28,34.0,841,24.74,621,75,32,62,42,9,82,2.41,58,2,4,10,6,2,Roma,Serie A,28,34.0,500,295,211,214,75,205,400,51.3,195,300,95,205,256,756,658,13,Roma,Serie A,28,54.6,34.0,21777,2095,6391,10335,5231,777,21770,491,176,35.8,238,48.5,12576,65345,32585,616,519,144,495,254,15209,1326,Roma,Serie A,28,27.3,34,3060,90,100,34.0,374,81,221,153,22,278,1.76,49,32,17,0.5,48.6,35.7,12.9,0.38,Roma,Serie A,28,34.0,60,1,1,359,432,57,574,256,295,5,4,1,1298,401,418,49.0
Saint-Étienne,Ligue 1,32,26.5,46.2,30,330,2790,31.0,32,23,55,29,3,4,59,2,33.8,30.6,22.7,53.3,481,1104,1.03,0.74,1.77,0.94,1.68,1.09,0.73,1.82,0.99,1.72,Saint-Étienne,Ligue 1,1,30,30,2700,31.0,71,2.37,189,118,69.3,6,6,18,3,10.0,15,13,2,0,13.3,Saint-Étienne,Ligue 1,1,31.0,71,13,0,4,2,65.8,0.29,-3.2,-0.1,127,449,28.3,843,132,41.9,35.0,230,41.7,33.1,465,23,4.9,26,0.87,13.4,Saint-Étienne,Ligue 1,32,31.0,32,317,98,30.9,10.23,3.16,0.09,0.3,18.7,8,3,4,33.8,30.6,0.1,-1.8,-1.6,Saint-Étienne,Ligue 1,32,31.0,11541,14210,81.2,193076,71322,5575,6213,89.7,4817,5509,87.4,865,1784,48.5,23,22.7,23.9,0.3,239,895,208,30,1104,Saint-Étienne,Ligue 1,32,31.0,14210,12815,1353,383,50,41,346,527,111,34,48,0,11541,42,238,Saint-Étienne,Ligue 1,32,31.0,564,18.19,416,38,43,35,21,11,56,1.81,39,3,6,4,4,0,Saint-Étienne,Ligue 1,32,31.0,521,335,261,190,70,265,537,49.3,272,365,123,242,296,817,778,25,Saint-Étienne,Ligue 1,32,46.2,31.0,17739,2214,6210,7592,4092,537,17735,502,217,43.2,260,51.8,9292,45469,23278,481,307,124,493,280,11466,1097,Saint-Étienne,Ligue 1,32,26.5,30,2790,93,100,31.0,330,82,200,128,20,149,0.8,32,71,-39,-1.26,33.8,67.2,-33.5,-1.08,Saint-Étienne,Ligue 1,32,31.0,59,2,0,405,328,42,346,296,335,4,15,2,1296,304,350,46.5
Sevilla,La Liga,35,26.8,50.9,33,363,2970,33.0,32,27,59,31,1,2,85,6,34.4,32.9,25.4,58.2,505,993,0.97,0.82,1.79,0.94,1.76,1.04,0.77,1.81,1.0,1.76,Sevilla,La Liga,2,33,33,2970,33.0,44,1.33,125,81,68.8,9,10,14,9,27.3,6,5,1,0,16.7,Sevilla,La Liga,2,33.0,44,5,2,4,1,41.0,0.29,-2.0,-0.06,137,510,26.9,929,114,43.2,36.3,232,47.0,38.4,466,24,5.2,40,1.21,13.8,Sevilla,La Liga,35,33.0,32,396,122,30.8,12.0,3.7,0.08,0.25,18.8,12,1,2,34.4,32.9,0.08,-2.4,-1.9,Sevilla,La Liga,35,33.0,12622,15779,80.0,220494,76842,5928,6561,90.4,5386,6196,86.9,1073,2326,46.1,27,25.4,20.3,1.6,300,911,171,48,993,Sevilla,La Liga,35,33.0,15779,14133,1586,418,35,107,511,701,161,97,26,0,12622,60,274,Sevilla,La Liga,35,33.0,690,20.91,495,64,51,42,27,11,59,1.79,50,3,3,3,0,0,Sevilla,La Liga,35,33.0,553,334,274,207,72,265,470,56.4,205,312,73,239,313,866,820,15,Sevilla,La Liga,35,50.9,33.0,19633,2095,7073,8714,4022,555,19631,641,297,46.3,287,44.8,9634,50539,25624,505,342,141,544,292,12477,982,Sevilla,La Liga,35,26.8,33,2970,90,100,33.0,363,83,208,152,17,231,1.12,35,44,-9,-0.27,34.4,42.3,-7.9,-0.24,Sevilla,La Liga,35,33.0,85,6,3,418,353,60,511,313,334,1,6,1,1351,466,388,54.6
Southampton,eng Premier League,35,26.1,49.3,34,374,3060,34.0,24,15,39,24,0,2,83,3,30.2,28.5,23.0,51.5,600,1041,0.71,0.44,1.15,0.71,1.15,0.89,0.68,1.57,0.84,1.52,Southampton,eng Premier League,3,34,34,3060,34.0,80,2.35,226,144,67.7,2,5,27,2,5.9,9,7,2,0,22.2,Southampton,eng Premier League,3,34.0,80,7,0,11,0,77.8,0.32,-2.2,-0.06,212,619,34.2,1103,156,44.0,29.5,268,50.0,39.4,495,32,6.5,23,0.68,6.5,Southampton,eng Premier League,35,34.0,24,318,100,31.4,9.35,2.94,0.08,0.24,16.4,6,0,2,30.2,28.5,0.09,-6.2,-4.5,Southampton,eng Premier League,35,34.0,14151,16883,83.8,239557,77368,6676,7326,91.1,6089,6782,89.8,1049,2022,51.9,15,23.0,21.6,-8.0,253,917,201,54,1041,Southampton,eng Premier League,35,34.0,16883,15455,1384,430,41,54,506,439,134,90,27,0,14151,44,243,Southampton,eng Premier League,35,34.0,576,16.94,406,51,44,42,26,7,40,1.18,23,4,3,8,1,1,Southampton,eng Premier League,35,34.0,590,340,272,249,69,255,526,48.5,271,377,166,211,275,865,848,48,Southampton,eng Premier League,35,49.3,34.0,20625,2667,7531,8848,4429,631,20623,662,279,42.1,300,45.3,11511,61022,31462,600,437,153,429,320,14020,1033,Southampton,eng Premier League,35,26.1,34,3060,90,100,34.0,374,80,212,161,22,145,0.32,25,80,-55,-1.62,30.2,76.7,-46.5,-1.37,Southampton,eng Premier League,35,34.0,83,3,0,420,389,44,506,275,340,2,9,0,1314,415,360,53.5
St. Pauli,Bundesliga,27,27.7,44.7,31,341,2790,31.0,24,21,45,23,1,2,45,2,33.3,31.7,25.2,56.9,383,1005,0.77,0.68,1.45,0.74,1.42,1.07,0.81,1.89,1.02,1.83,St. Pauli,Bundesliga,1,31,31,2790,31.0,36,1.16,121,83,71.1,8,7,16,9,29.0,4,1,3,0,75.0,St. Pauli,Bundesliga,1,31.0,36,1,0,5,1,41.7,0.32,6.7,0.22,156,466,33.5,1110,103,36.8,32.7,211,27.0,26.2,395,22,5.6,26,0.84,13.0,St. Pauli,Bundesliga,27,31.0,24,356,104,29.2,11.48,3.35,0.06,0.22,17.3,14,1,2,33.3,31.7,0.09,-9.3,-8.7,St. Pauli,Bundesliga,27,31.0,10871,14146,76.8,192961,73522,4698,5408,86.9,4834,5720,84.5,1045,2202,47.5,21,25.2,27.3,-4.2,264,834,191,68,1005,St. Pauli,Bundesliga,27,31.0,14146,12641,1444,380,29,59,561,652,136,59,52,2,10871,61,283,St. Pauli,Bundesliga,27,31.0,630,20.32,429,66,34,47,40,14,42,1.35,27,2,7,4,1,1,St. Pauli,Bundesliga,27,31.0,504,299,235,209,60,247,473,52.2,226,362,80,282,243,747,824,19,St. Pauli,Bundesliga,27,44.7,31.0,17692,2041,6193,7679,3961,607,17690,399,167,41.9,184,46.1,8400,42221,21000,383,300,110,448,241,10741,990,St. Pauli,Bundesliga,27,27.7,31,2790,90,100,31.0,341,84,210,131,15,148,1.0,26,36,-10,-0.32,33.3,39.7,-6.4,-0.21,St. Pauli,Bundesliga,27,31.0,45,2,1,321,320,61,561,243,299,2,4,1,1246,503,598,45.7
Strasbourg,Ligue 1,30,22.2,49.9,31,341,2790,31.0,50,40,90,48,2,2,65,2,45.9,44.3,35.9,80.3,505,1077,1.61,1.29,2.9,1.55,2.84,1.48,1.16,2.64,1.43,2.59,Strasbourg,Ligue 1,2,31,31,2790,31.0,38,1.23,158,121,79.7,15,9,7,10,32.3,7,6,1,0,14.3,Strasbourg,Ligue 1,2,31.0,38,6,0,3,2,47.0,0.26,11.0,0.35,117,355,33.0,1323,141,22.3,23.9,223,26.9,26.1,508,37,7.3,45,1.45,11.1,Strasbourg,Ligue 1,30,31.0,50,324,131,40.4,10.45,4.23,0.15,0.37,15.9,9,2,2,45.9,44.3,0.14,4.1,3.7,Strasbourg,Ligue 1,30,31.0,13281,15847,83.8,229653,80582,5792,6381,90.8,6355,7130,89.1,922,1745,52.8,40,35.9,29.9,4.1,248,806,192,47,1077,Strasbourg,Ligue 1,30,31.0,15847,14435,1369,452,52,42,443,501,124,53,52,0,13281,43,241,Strasbourg,Ligue 1,30,31.0,565,18.23,412,45,36,33,23,16,87,2.81,67,5,3,6,4,2,Strasbourg,Ligue 1,30,31.0,489,301,234,193,62,237,426,55.6,189,354,104,250,254,743,842,14,Strasbourg,Ligue 1,30,49.9,31.0,19394,2401,7987,8199,3382,556,19392,576,255,44.3,278,48.3,11101,51177,26707,505,314,156,465,244,13157,1065,Strasbourg,Ligue 1,30,22.2,31,2790,90,100,31.0,341,84,222,118,16,163,1.74,51,38,13,0.42,45.9,51.2,-5.3,-0.17,Strasbourg,Ligue 1,30,31.0,65,2,0,351,391,43,443,254,301,2,7,2,1316,306,289,51.4
Stuttgart,Bundesliga,28,25.6,56.6,31,341,2790,31.0,53,40,93,51,2,5,68,5,53.2,49.3,38.9,88.2,492,1352,1.71,1.29,3.0,1.65,2.94,1.72,1.25,2.97,1.59,2.84,Stuttgart,Bundesliga,1,31,31,2790,31.0,51,1.65,130,79,62.3,11,8,12,5,16.1,3,2,1,0,33.3,Stuttgart,Bundesliga,1,31.0,51,2,1,7,1,43.1,0.32,-6.9,-0.22,153,397,38.5,1007,129,34.4,31.4,195,26.2,26.4,383,16,4.2,54,1.74,18.0,Stuttgart,Bundesliga,28,31.0,53,401,147,36.7,12.94,4.74,0.13,0.35,15.9,9,2,5,53.2,49.3,0.13,-0.2,1.7,Stuttgart,Bundesliga,28,31.0,14850,17871,83.1,246530,88691,7417,8170,90.8,5949,6781,87.7,1143,2109,54.2,40,38.9,46.2,1.1,319,1169,328,82,1352,Stuttgart,Bundesliga,28,31.0,17871,16352,1464,450,62,64,578,578,157,62,41,3,14850,55,272,Stuttgart,Bundesliga,28,31.0,728,23.48,558,46,39,55,22,8,90,2.9,61,4,9,10,4,2,Stuttgart,Bundesliga,28,31.0,442,262,184,187,71,233,437,53.3,204,370,97,273,268,710,724,19,Stuttgart,Bundesliga,28,56.6,31.0,21355,2084,6184,10289,5033,829,21350,531,247,46.5,256,48.2,11981,60816,28512,492,384,158,469,289,14692,1341,Stuttgart,Bundesliga,28,25.6,31,2790,90,100,31.0,341,81,191,146,19,130,1.32,56,51,5,0.16,53.2,44.9,8.3,0.27,Stuttgart,Bundesliga,28,31.0,68,5,3,328,380,55,578,268,262,4,3,1,1272,416,428,49.3
Torino,Serie A,29,27.5,47.2,34,374,3060,34.0,35,21,56,34,1,3,76,3,30.0,27.7,19.4,47.2,459,977,1.03,0.62,1.65,1.0,1.62,0.88,0.57,1.45,0.82,1.39,Torino,Serie A,2,34,34,3060,34.0,39,1.15,161,120,76.4,10,13,11,10,29.4,5,1,4,0,80.0,Torino,Serie A,2,34.0,39,1,1,7,2,46.8,0.27,9.8,0.29,206,661,31.2,1214,172,41.6,37.7,283,55.1,47.7,560,36,6.4,47,1.38,13.4,Torino,Serie A,29,34.0,35,327,109,33.3,9.62,3.21,0.1,0.31,18.6,11,1,3,30.0,27.7,0.09,5.0,6.3,Torino,Serie A,29,34.0,12074,15140,79.7,221024,76062,5042,5776,87.3,5540,6314,87.7,1258,2394,52.5,21,19.4,22.3,1.6,234,837,212,69,977,Torino,Serie A,29,34.0,15140,13601,1489,389,26,72,580,606,138,82,44,0,12074,50,244,Torino,Serie A,29,34.0,572,16.82,433,45,22,39,26,7,57,1.68,38,6,4,4,4,1,Torino,Serie A,29,34.0,424,230,205,161,58,214,396,54.0,182,309,128,181,256,680,807,19,Torino,Serie A,29,47.2,34.0,18456,2172,6234,8526,3846,513,18453,408,146,35.8,220,53.9,10762,55913,27422,459,343,89,421,239,11934,970,Torino,Serie A,29,27.5,34,3060,90,100,34.0,374,81,211,160,21,225,1.26,38,39,-1,-0.03,30.0,44.5,-14.5,-0.43,Torino,Serie A,29,34.0,76,3,1,439,341,50,580,256,230,2,5,2,1143,469,520,47.4
Tottenham,eng Premier League,31,25.9,56.4,34,374,3060,34.0,59,46,105,57,2,3,64,1,54.8,52.4,41.4,93.8,783,1519,1.74,1.35,3.09,1.68,3.03,1.61,1.22,2.83,1.54,2.76,Tottenham,eng Premier League,4,34,34,3060,34.0,56,1.65,154,102,64.9,11,4,19,6,17.6,2,2,0,0,0.0,Tottenham,eng Premier League,4,34.0,56,2,0,5,4,56.0,0.36,4.0,0.12,46,146,31.5,930,166,14.4,27.2,242,5.0,14.9,445,41,9.2,39,1.15,11.1,Tottenham,eng Premier League,31,34.0,59,472,172,36.4,13.88,5.06,0.12,0.33,16.0,10,2,3,54.8,52.4,0.11,4.2,4.6,Tottenham,eng Premier League,31,34.0,15445,18539,83.3,256455,86672,7147,7936,90.1,6862,7699,89.1,1008,1862,54.1,46,41.4,34.9,4.6,362,1204,356,81,1519,Tottenham,eng Premier League,31,34.0,18539,16776,1707,515,50,63,714,627,233,103,61,0,15445,56,399,Tottenham,eng Premier League,31,34.0,835,24.56,620,65,51,57,32,10,103,3.03,77,7,8,7,3,1,Tottenham,eng Premier League,31,34.0,604,383,255,255,94,275,545,50.5,270,393,137,256,283,887,681,38,Tottenham,eng Premier League,31,56.4,34.0,22429,2292,7254,9474,5921,960,22426,747,288,38.6,386,51.7,14056,77176,38969,783,526,234,485,387,15319,1510,Tottenham,eng Premier League,31,25.9,34,3060,90,100,34.0,374,82,231,144,21,161,1.09,62,56,6,0.18,54.8,55.5,-0.7,-0.02,Tottenham,eng Premier League,31,34.0,64,1,1,394,444,56,714,283,383,3,2,4,1525,373,384,49.3
Toulouse,Ligue 1,27,25.9,45.4,31,341,2790,31.0,36,28,64,33,3,4,48,3,44.2,41.0,30.3,71.3,487,1132,1.16,0.9,2.06,1.06,1.97,1.42,0.98,2.4,1.32,2.3,Toulouse,Ligue 1,3,31,31,2790,31.0,39,1.26,94,57,59.6,9,8,14,10,32.3,2,1,1,0,50.0,Toulouse,Ligue 1,3,31.0,39,1,1,4,3,30.3,0.31,-5.7,-0.18,79,300,26.3,635,83,32.3,34.1,209,45.5,35.6,388,10,2.6,28,0.9,12.1,Toulouse,Ligue 1,27,31.0,36,364,128,35.2,11.74,4.13,0.09,0.26,15.6,7,3,4,44.2,41.0,0.11,-8.2,-8.0,Toulouse,Ligue 1,27,31.0,10688,13637,78.4,185772,68194,4748,5450,87.1,4838,5646,85.7,859,1831,46.9,28,30.3,33.8,-2.3,267,798,255,58,1132,Toulouse,Ligue 1,27,31.0,13637,12147,1451,424,39,84,543,600,149,87,48,0,10688,39,266,Toulouse,Ligue 1,27,31.0,638,20.58,433,76,34,39,41,15,67,2.16,46,6,4,4,6,1,Toulouse,Ligue 1,27,31.0,553,332,246,227,80,296,561,52.8,265,316,89,227,264,817,685,14,Toulouse,Ligue 1,27,45.4,31.0,17033,1681,5464,7782,3988,715,17029,553,245,44.3,276,49.9,9509,46558,23949,487,332,131,474,284,10591,1116,Toulouse,Ligue 1,27,25.9,31,2790,90,100,31.0,341,83,207,131,17,147,1.13,38,39,-1,-0.03,44.2,33.3,10.9,0.35,Toulouse,Ligue 1,27,31.0,48,3,0,410,378,39,543,264,332,4,2,3,1406,394,406,49.3
Udinese,Serie A,30,27.1,47.3,34,374,3060,34.0,36,24,60,34,2,4,78,4,33.4,30.2,23.5,53.7,515,1030,1.06,0.71,1.76,1.0,1.71,0.98,0.69,1.67,0.89,1.58,Udinese,Serie A,3,34,34,3060,34.0,48,1.41,142,99,71.1,11,8,15,9,26.5,8,7,0,1,0.0,Udinese,Serie A,3,34.0,48,7,3,7,5,45.4,0.29,2.4,0.07,149,394,37.8,910,98,34.3,30.5,236,34.7,30.7,476,19,4.0,28,0.82,15.0,Udinese,Serie A,30,34.0,36,379,124,32.7,11.15,3.65,0.09,0.27,17.7,13,2,4,33.4,30.2,0.08,2.6,3.8,Udinese,Serie A,30,34.0,11622,14607,79.6,215508,74202,4722,5362,88.1,5204,6044,86.1,1405,2464,57.0,24,23.5,21.9,0.5,272,860,216,95,1030,Udinese,Serie A,30,34.0,14607,13051,1511,429,23,85,605,602,162,51,73,1,11622,45,245,Udinese,Serie A,30,34.0,668,19.65,486,60,30,45,29,18,54,1.59,30,3,5,11,3,2,Udinese,Serie A,30,34.0,507,315,253,196,58,250,455,54.9,205,351,121,230,274,781,801,25,Udinese,Serie A,30,47.3,34.0,18250,2187,6356,8184,3921,622,18246,574,258,44.9,273,47.6,10125,54921,26794,515,383,111,500,258,11468,1012,Udinese,Serie A,30,27.1,34,3060,90,100,34.0,374,80,206,164,21,252,1.21,36,48,-12,-0.35,33.4,45.6,-12.2,-0.36,Udinese,Serie A,30,34.0,78,4,2,478,351,45,605,274,315,2,8,5,1273,489,437,52.8
Union Berlin,Bundesliga,28,27.9,39.7,31,341,2790,31.0,32,22,54,29,3,3,68,1,34.3,31.9,22.3,54.2,355,938,1.03,0.71,1.74,0.94,1.65,1.11,0.72,1.83,1.03,1.75,Union Berlin,Bundesliga,2,31,31,2790,31.0,44,1.42,125,78,66.4,9,10,12,8,25.8,6,2,4,0,66.7,Union Berlin,Bundesliga,2,31.0,44,2,1,1,1,44.0,0.32,1.0,0.03,163,432,37.7,771,149,37.6,29.9,227,62.6,45.7,523,39,7.5,27,0.87,15.0,Union Berlin,Bundesliga,28,31.0,32,381,108,28.3,12.29,3.48,0.08,0.27,16.6,7,3,3,34.3,31.9,0.09,-2.3,-2.9,Union Berlin,Bundesliga,28,31.0,8958,12392,72.3,160667,67968,4056,4814,84.3,3545,4478,79.2,1038,2174,47.7,22,22.3,30.1,-0.3,271,704,227,70,938,Union Berlin,Bundesliga,28,31.0,12392,10965,1367,329,16,47,564,590,146,64,68,4,8958,60,298,Union Berlin,Bundesliga,28,31.0,648,20.9,437,91,24,49,39,8,55,1.77,32,8,4,6,4,1,Union Berlin,Bundesliga,28,31.0,486,284,245,194,47,245,462,53.0,217,375,104,271,289,775,959,11,Union Berlin,Bundesliga,28,39.7,31.0,16169,1961,5715,6911,3696,645,16166,387,162,41.9,196,50.6,7937,38034,18047,355,227,100,427,258,8877,922,Union Berlin,Bundesliga,28,27.9,31,2790,90,100,31.0,341,80,189,153,22,126,1.16,31,45,-14,-0.45,34.3,43.4,-9.1,-0.29,Union Berlin,Bundesliga,28,31.0,68,1,0,391,293,60,564,289,284,3,6,1,1233,615,625,49.6
Valencia,La Liga,32,25.4,47.5,33,363,2970,33.0,37,25,62,34,3,3,73,1,37.1,34.7,26.8,61.5,498,1187,1.12,0.76,1.88,1.03,1.79,1.12,0.81,1.94,1.05,1.86,Valencia,La Liga,2,33,33,2970,33.0,49,1.48,129,81,65.1,9,12,12,7,21.2,7,4,2,1,33.3,Valencia,La Liga,2,33.0,49,4,0,3,3,43.4,0.3,-2.6,-0.08,138,461,29.9,780,138,40.6,40.5,247,58.3,45.3,442,24,5.4,54,1.64,25.7,Valencia,La Liga,32,33.0,37,339,100,29.5,10.27,3.03,0.1,0.34,17.0,6,3,3,37.1,34.7,0.11,-0.1,-0.7,Valencia,La Liga,32,33.0,11901,15186,78.4,211654,74060,5392,6044,89.2,5199,6052,85.9,1114,2294,48.6,25,26.8,29.9,-1.8,253,1001,226,84,1187,Valencia,La Liga,32,33.0,15186,13466,1657,479,30,110,699,683,168,62,68,3,11901,63,354,Valencia,La Liga,32,33.0,602,18.24,448,56,24,32,27,15,61,1.85,43,3,2,8,3,2,Valencia,La Liga,32,33.0,563,366,291,201,71,286,509,56.2,223,313,82,231,263,826,798,17,Valencia,La Liga,32,47.5,33.0,18788,1903,5978,8437,4547,581,18785,559,212,37.9,288,51.5,9719,51440,26978,498,366,110,453,302,11796,1177,Valencia,La Liga,32,25.4,33,2970,90,100,33.0,363,82,209,153,19,230,1.18,37,49,-12,-0.36,37.1,45.9,-8.8,-0.27,Valencia,La Liga,32,33.0,73,1,0,387,375,63,699,263,366,2,7,3,1337,395,486,44.8
Valladolid,La Liga,35,26.4,43.2,33,363,2970,33.0,24,13,37,19,5,5,86,5,29.2,25.4,20.6,46.0,415,868,0.73,0.39,1.12,0.58,0.97,0.89,0.63,1.51,0.77,1.39,Valladolid,La Liga,3,33,33,2970,33.0,81,2.45,179,99,58.1,4,4,25,5,15.2,6,6,0,0,0.0,Valladolid,La Liga,3,33.0,81,6,2,5,1,64.6,0.34,-15.4,-0.47,171,469,36.5,928,154,34.8,30.9,315,46.3,39.9,500,36,7.2,37,1.12,11.2,Valladolid,La Liga,35,33.0,24,286,79,27.6,8.67,2.39,0.07,0.24,18.3,10,5,5,29.2,25.4,0.09,-5.2,-6.4,Valladolid,La Liga,35,33.0,10686,13605,78.5,202231,74152,4272,4860,87.9,4986,5769,86.4,1237,2353,52.6,13,20.6,19.8,-7.6,219,664,150,78,868,Valladolid,La Liga,35,33.0,13605,11961,1585,457,32,104,574,573,127,62,37,0,10686,59,233,Valladolid,La Liga,35,33.0,519,15.73,362,58,40,18,34,7,38,1.15,27,0,5,1,5,0,Valladolid,La Liga,35,33.0,520,315,303,173,44,242,488,49.6,246,394,140,254,276,796,776,24,Valladolid,La Liga,35,43.2,33.0,17137,2325,7189,7108,3010,448,17132,535,248,46.4,227,42.4,8558,48001,24272,415,278,105,450,235,10578,853,Valladolid,La Liga,35,26.4,33,2970,90,100,33.0,363,80,208,152,24,229,0.48,24,81,-57,-1.73,29.2,59.8,-30.6,-0.93,Valladolid,La Liga,35,33.0,86,5,2,402,401,59,574,276,315,3,6,1,1189,479,455,51.3
Venezia,Serie A,36,26.2,45.1,34,374,3060,34.0,26,13,39,22,4,5,72,2,31.8,28.0,19.3,47.3,448,944,0.76,0.38,1.15,0.65,1.03,0.94,0.57,1.5,0.82,1.39,Venezia,Serie A,3,34,34,3060,34.0,48,1.41,169,123,76.3,4,13,17,6,17.6,9,8,1,0,11.1,Venezia,Serie A,3,34.0,48,8,0,7,3,51.8,0.27,6.8,0.2,118,456,25.9,917,140,41.2,31.0,305,25.6,25.2,528,27,5.1,19,0.56,9.4,Venezia,Serie A,36,34.0,26,343,107,31.2,10.09,3.15,0.06,0.21,18.7,22,4,5,31.8,28.0,0.08,-5.8,-6.0,Venezia,Serie A,36,34.0,10341,13549,76.3,179477,68880,4616,5355,86.2,4574,5454,83.9,872,1953,44.6,13,19.3,19.7,-6.3,253,715,193,51,944,Venezia,Serie A,36,34.0,13549,11813,1682,473,33,76,477,696,126,56,39,0,10341,54,275,Venezia,Serie A,36,34.0,614,18.06,442,56,31,35,42,8,39,1.15,19,4,1,8,7,0,Venezia,Serie A,36,34.0,541,330,286,178,77,256,517,49.5,261,393,123,270,253,794,831,21,Venezia,Serie A,36,45.1,34.0,17412,2372,6371,7371,3868,564,17406,544,225,41.4,261,48.0,9460,50459,25293,448,331,102,554,361,10217,937,Venezia,Serie A,36,26.2,34,3060,90,100,34.0,374,81,207,167,20,281,0.74,27,48,-21,-0.62,31.8,50.8,-19.0,-0.56,Venezia,Serie A,36,34.0,72,2,2,445,407,54,477,253,330,4,9,3,1292,440,556,44.2
Villarreal,La Liga,30,27.6,48.5,33,363,2970,33.0,54,37,91,49,5,7,88,4,56.2,50.5,41.7,92.3,614,1358,1.64,1.12,2.76,1.48,2.61,1.7,1.26,2.97,1.53,2.8,Villarreal,La Liga,2,33,33,2970,33.0,45,1.36,135,91,71.1,15,10,8,5,15.2,7,6,0,1,0.0,Villarreal,La Liga,2,33.0,45,6,2,6,1,38.3,0.26,-5.7,-0.17,109,296,36.8,727,172,29.7,28.5,244,32.8,31.0,482,30,6.2,34,1.03,11.6,Villarreal,La Liga,30,33.0,54,465,144,31.0,14.09,4.36,0.11,0.34,16.0,9,5,7,56.2,50.5,0.11,-2.2,-1.5,Villarreal,La Liga,30,33.0,12702,15653,81.1,229952,83728,5426,6090,89.1,5782,6629,87.2,1268,2232,56.8,37,41.7,41.5,-4.7,370,1024,329,94,1358,Villarreal,La Liga,30,33.0,15653,14083,1500,438,65,106,624,572,169,70,56,2,12702,70,287,Villarreal,La Liga,30,33.0,846,25.64,640,72,36,51,32,15,95,2.88,75,4,2,7,6,1,Villarreal,La Liga,30,33.0,582,353,288,219,75,298,543,54.9,245,371,108,263,247,829,768,18,Villarreal,La Liga,30,48.5,33.0,19373,2164,6645,8081,4815,859,19366,540,237,43.9,243,45.0,10563,55585,30209,614,457,170,498,251,12573,1349,Villarreal,La Liga,30,27.6,33,2970,90,100,33.0,363,81,209,152,21,154,1.67,56,45,11,0.33,56.2,39.0,17.2,0.52,Villarreal,La Liga,30,33.0,88,4,1,400,395,70,624,247,353,6,7,1,1366,442,354,55.5
Werder Bremen,Bundesliga,23,28.3,49.5,31,341,2790,31.0,47,35,82,45,2,4,69,4,43.3,40.7,33.6,74.2,443,1218,1.52,1.13,2.65,1.45,2.58,1.4,1.08,2.48,1.31,2.39,Werder Bremen,Bundesliga,1,31,31,2790,31.0,54,1.74,136,85,62.5,13,7,11,9,29.0,3,3,0,0,0.0,Werder Bremen,Bundesliga,1,31.0,54,3,2,3,3,47.4,0.33,-3.6,-0.12,117,331,35.3,982,165,30.3,31.7,211,15.6,22.1,425,34,8.0,30,0.97,13.3,Werder Bremen,Bundesliga,23,31.0,47,378,122,32.3,12.19,3.94,0.12,0.37,16.1,12,2,4,43.3,40.7,0.11,3.7,4.3,Werder Bremen,Bundesliga,23,31.0,12607,15848,79.5,224084,81381,5277,6045,87.3,5613,6546,85.7,1283,2253,56.9,35,33.6,38.9,1.4,292,846,303,86,1218,Werder Bremen,Bundesliga,23,31.0,15848,14307,1472,431,50,73,602,605,141,60,63,1,12607,69,318,Werder Bremen,Bundesliga,23,31.0,688,22.19,521,56,22,44,37,8,83,2.68,69,3,1,5,4,1,Werder Bremen,Bundesliga,23,31.0,503,293,230,211,62,252,475,53.1,223,408,129,279,289,792,779,24,Werder Bremen,Bundesliga,23,49.5,31.0,19464,2252,7047,8300,4261,727,19460,439,175,39.9,228,51.9,11200,53137,25184,443,314,114,453,235,12511,1210,Werder Bremen,Bundesliga,23,28.3,31,2790,90,100,31.0,341,83,196,142,18,132,1.48,48,54,-6,-0.19,43.3,43.4,0.0,0.0,Werder Bremen,Bundesliga,23,31.0,69,4,3,310,370,69,602,289,293,3,3,3,1327,435,429,50.3
West Ham,eng Premier League,27,28.8,47.6,34,374,3060,34.0,36,23,59,33,3,3,72,3,42.2,40.0,30.5,70.4,559,1092,1.06,0.68,1.74,0.97,1.65,1.24,0.9,2.14,1.18,2.07,West Ham,eng Premier League,2,34,34,3060,34.0,58,1.71,170,115,67.6,9,9,16,6,17.6,3,3,0,0,0.0,West Ham,eng Premier League,2,34.0,58,3,1,8,3,53.5,0.3,-1.5,-0.04,194,541,35.9,1038,160,36.9,35.4,284,55.6,41.7,541,19,3.5,38,1.12,13.7,West Ham,eng Premier League,27,34.0,36,427,120,28.1,12.56,3.53,0.08,0.28,16.4,13,3,3,42.2,40.0,0.1,-6.2,-7.0,West Ham,eng Premier League,27,34.0,13008,16153,80.5,228866,80830,6075,6834,88.9,5525,6337,87.2,1212,2297,52.8,23,30.5,28.5,-7.5,301,965,245,65,1092,West Ham,eng Premier League,27,34.0,16153,14643,1443,396,52,120,542,533,138,74,52,1,13008,67,301,West Ham,eng Premier League,27,34.0,739,21.74,528,62,45,60,30,14,55,1.62,33,5,3,11,3,0,West Ham,eng Premier League,27,34.0,563,332,278,211,74,246,472,52.1,226,410,157,253,301,864,935,25,West Ham,eng Premier League,27,47.6,34.0,20200,2650,7436,8615,4346,755,20197,703,309,44.0,314,44.7,10311,52530,26543,559,360,159,441,359,12911,1085,West Ham,eng Premier League,27,28.8,34,3060,90,100,34.0,374,81,219,152,22,154,1.06,39,58,-19,-0.56,42.2,54.1,-11.9,-0.35,West Ham,eng Premier League,27,34.0,72,3,2,389,364,67,542,301,332,2,3,3,1395,524,497,51.3
Wolfsburg,Bundesliga,27,25.9,46.0,31,341,2790,31.0,51,36,87,47,4,5,74,3,44.2,40.1,30.0,70.0,435,1104,1.65,1.16,2.81,1.52,2.68,1.42,0.97,2.39,1.29,2.26,Wolfsburg,Bundesliga,2,31,31,2790,31.0,48,1.55,145,97,68.3,10,9,12,5,16.1,3,2,1,0,33.3,Wolfsburg,Bundesliga,2,31.0,48,2,0,11,1,53.4,0.36,6.4,0.21,205,562,36.5,975,128,45.1,36.6,262,46.6,38.0,464,21,4.5,17,0.55,11.7,Wolfsburg,Bundesliga,27,31.0,51,390,124,31.8,12.58,4.0,0.12,0.38,17.2,13,4,5,44.2,40.1,0.11,6.8,6.9,Wolfsburg,Bundesliga,27,31.0,10481,13689,76.6,198529,74544,4260,5046,84.4,4685,5474,85.6,1300,2443,53.2,36,30.0,33.2,6.0,280,918,222,46,1104,Wolfsburg,Bundesliga,27,31.0,13689,12179,1464,384,41,104,518,593,147,92,52,1,10481,46,306,Wolfsburg,Bundesliga,27,31.0,677,21.84,463,75,33,53,43,10,91,2.94,55,10,5,11,8,2,Wolfsburg,Bundesliga,27,31.0,445,271,237,154,54,219,493,44.4,274,396,124,272,285,730,888,16,Wolfsburg,Bundesliga,27,46.0,31.0,17357,2071,5966,7470,4065,657,17352,460,187,40.7,240,52.2,9218,44412,21181,435,306,117,457,199,10355,1096,Wolfsburg,Bundesliga,27,25.9,31,2790,90,100,31.0,341,82,201,141,19,137,1.26,53,48,5,0.16,44.2,47.8,-3.6,-0.12,Wolfsburg,Bundesliga,27,31.0,74,3,0,329,337,46,518,285,271,4,3,1,1229,483,518,48.3
Wolves,eng Premier League,30,27.6,47.6,34,374,3060,34.0,50,39,89,50,0,0,74,2,40.0,40.0,32.3,72.3,537,1041,1.47,1.15,2.62,1.47,2.62,1.18,0.95,2.13,1.18,2.13,Wolves,eng Premier League,3,34,34,3060,34.0,61,1.79,147,87,62.6,12,5,17,8,23.5,8,6,2,0,25.0,Wolves,eng Premier League,3,34.0,61,6,1,11,3,52.3,0.32,-5.7,-0.17,140,487,28.7,900,128,43.3,36.6,221,43.9,36.3,525,36,6.9,50,1.47,13.4,Wolves,eng Premier League,30,34.0,50,385,143,37.1,11.32,4.21,0.13,0.35,18.2,18,0,0,40.0,40.0,0.11,10.0,10.0,Wolves,eng Premier League,30,34.0,12691,15745,80.6,217001,74235,5976,6656,89.8,5188,5907,87.8,1124,2242,50.1,39,32.3,24.2,6.7,286,890,250,65,1041,Wolves,eng Premier League,30,34.0,15745,14201,1486,448,52,113,492,604,118,79,27,2,12691,58,290,Wolves,eng Premier League,30,34.0,677,19.91,489,48,53,32,33,22,90,2.65,74,2,7,1,2,4,Wolves,eng Premier League,30,34.0,713,417,370,276,67,326,601,54.2,275,402,133,269,276,989,858,24,Wolves,eng Premier League,30,47.6,34.0,19723,2325,6945,8876,4143,642,19722,637,285,44.7,269,42.2,10797,58589,30024,537,411,129,515,326,12593,1035,Wolves,eng Premier League,30,27.6,34,3060,90,100,34.0,374,83,226,147,17,158,1.21,51,61,-10,-0.29,40.0,52.8,-12.8,-0.38,Wolves,eng Premier League,30,34.0,74,2,2,446,385,58,492,276,417,0,8,3,1483,405,440,47.9
